
> expo-app@1.0.4 typecheck /Users/clay/Development/SCF-Scaffald/apps/expo
> tsc --noEmit

app/dashboard/_layout.tsx(19,80): error TS2339: Property 'check' does not exist on type 'never'.
app/dashboard/applications/[applicationId]/inquiry.tsx(15,52): error TS2339: Property 'getByApplication' does not exist on type 'never'.
app/dashboard/assessments/ipip/shared/[token].tsx(25,33): error TS2339: Property 'getSharedResults' does not exist on type 'never'.
app/dashboard/employers/[id]/index.tsx(11,55): error TS2339: Property 'getEmployerById' does not exist on type 'never'.
app/dashboard/profile/background-check/[checkId]/dispute.tsx(11,41): error TS2344: Type 'CreateRouterInner<RootConfig<{ ctx: Context; meta: object; errorShape: DefaultErrorShape; transformer: DefaultDataTransformer; }>, { ...; }>' does not satisfy the constraint 'AnyRouter'.
  Types of property '_def' are incompatible.
    Property 'lazy' is missing in type 'RouterDef<RootConfig<{ ctx: Context; meta: object; errorShape: DefaultErrorShape; transformer: DefaultDataTransformer; }>, { ...; }, { ...; }>' but required in type 'RouterDef<any, any>'.
app/dashboard/profile/background-check/[checkId]/dispute.tsx(19,44): error TS2339: Property 'listChecks' does not exist on type 'never'.
app/dashboard/profile/background-check/[checkId]/dispute.tsx(26,75): error TS2339: Property 'id' does not exist on type 'never'.
app/dashboard/profile/resume/index.tsx(26,42): error TS2339: Property 'hasUploaded' does not exist on type 'never'.
app/dashboard/settings/index.tsx(152,46): error TS2339: Property 'preferences' does not exist on type 'never'.
app/dashboard/settings/index.tsx(153,53): error TS2339: Property 'preferences' does not exist on type 'never'.
app/dashboard/settings/index.tsx(155,27): error TS2339: Property 'preferences' does not exist on type 'never'.
app/dashboard/settings/index.tsx(159,48): error TS2339: Property 'list' does not exist on type 'never'.
app/dashboard/settings/index.tsx(164,25): error TS7006: Parameter 'previousData' implicitly has an 'any' type.
app/dashboard/settings/index.tsx(168,46): error TS2339: Property 'getUnreadCount' does not exist on type 'never'.
app/dashboard/settings/index.tsx(171,42): error TS2339: Property 'devices' does not exist on type 'never'.
app/dashboard/settings/index.tsx(186,46): error TS2339: Property 'markManyRead' does not exist on type 'never'.
app/dashboard/settings/index.tsx(188,27): error TS2339: Property 'list' does not exist on type 'never'.
app/dashboard/settings/index.tsx(189,27): error TS2339: Property 'getUnreadCount' does not exist on type 'never'.
app/dashboard/settings/index.tsx(193,48): error TS2339: Property 'markManyUnread' does not exist on type 'never'.
app/dashboard/settings/index.tsx(195,27): error TS2339: Property 'list' does not exist on type 'never'.
app/dashboard/settings/index.tsx(196,27): error TS2339: Property 'getUnreadCount' does not exist on type 'never'.
app/dashboard/settings/index.tsx(200,45): error TS2339: Property 'archiveMany' does not exist on type 'never'.
app/dashboard/settings/index.tsx(201,42): error TS2339: Property 'list' does not exist on type 'never'.
app/dashboard/settings/index.tsx(204,45): error TS2339: Property 'restoreMany' does not exist on type 'never'.
app/dashboard/settings/index.tsx(205,42): error TS2339: Property 'list' does not exist on type 'never'.
app/dashboard/teams/[id]/index.tsx(20,44): error TS2344: Type 'CreateRouterInner<RootConfig<{ ctx: Context; meta: object; errorShape: DefaultErrorShape; transformer: DefaultDataTransformer; }>, { ...; }>' does not satisfy the constraint 'AnyRouter'.
  Types of property '_def' are incompatible.
    Property 'lazy' is missing in type 'RouterDef<RootConfig<{ ctx: Context; meta: object; errorShape: DefaultErrorShape; transformer: DefaultDataTransformer; }>, { ...; }, { ...; }>' but required in type 'RouterDef<any, any>'.
app/dashboard/teams/[id]/index.tsx(22,45): error TS2344: Type 'CreateRouterInner<RootConfig<{ ctx: Context; meta: object; errorShape: DefaultErrorShape; transformer: DefaultDataTransformer; }>, { ...; }>' does not satisfy the constraint 'AnyRouter'.
  Types of property '_def' are incompatible.
    Property 'lazy' is missing in type 'RouterDef<RootConfig<{ ctx: Context; meta: object; errorShape: DefaultErrorShape; transformer: DefaultDataTransformer; }>, { ...; }, { ...; }>' but required in type 'RouterDef<any, any>'.
app/dashboard/teams/[id]/index.tsx(43,17): error TS2339: Property 'byId' does not exist on type 'never'.
app/dashboard/teams/[id]/index.tsx(50,17): error TS2339: Property 'members' does not exist on type 'never'.
app/dashboard/teams/[id]/index.tsx(57,17): error TS2339: Property 'analytics' does not exist on type 'never'.
app/dashboard/teams/[id]/index.tsx(71,19): error TS2339: Property 'userId' does not exist on type 'never'.
app/dashboard/teams/[id]/index.tsx(73,16): error TS2339: Property 'user' does not exist on type 'never'.
app/dashboard/teams/[id]/index.tsx(73,44): error TS2339: Property 'user' does not exist on type 'never'.
app/dashboard/teams/[id]/index.tsx(73,77): error TS2339: Property 'userId' does not exist on type 'never'.
app/dashboard/teams/[id]/index.tsx(74,22): error TS2339: Property 'userId' does not exist on type 'never'.
app/dashboard/teams/[id]/index.tsx(74,43): error TS2339: Property 'userId' does not exist on type 'never'.
app/dashboard/teams/[id]/index.tsx(83,22): error TS2339: Property 'userId' does not exist on type 'never'.
app/dashboard/teams/[id]/index.tsx(84,24): error TS2339: Property 'userId' does not exist on type 'never'.
app/dashboard/teams/[id]/index.tsx(85,35): error TS2339: Property 'user' does not exist on type 'never'.
app/dashboard/teams/[id]/index.tsx(86,32): error TS2339: Property 'user' does not exist on type 'never'.
app/dashboard/teams/[id]/index.tsx(112,22): error TS2339: Property 'name' does not exist on type 'never'.
app/dashboard/teams/[id]/index.tsx(114,12): error TS2339: Property 'name' does not exist on type 'never'.
app/dashboard/teams/[id]/index.tsx(195,31): error TS2339: Property 'allowSelfJoin' does not exist on type 'never'.
app/dashboard/teams/[id]/index.tsx(196,32): error TS2339: Property 'autoAssignJobs' does not exist on type 'never'.
app/dashboard/teams/[id]/index.tsx(197,42): error TS2339: Property 'invitationExpirationDays' does not exist on type 'never'.
app/dashboard/teams/[id]/index.tsx(198,34): error TS2339: Property 'workloadStrategy' does not exist on type 'never'.
app/dashboard/teams/[id]/index.tsx(199,34): error TS2339: Property 'workloadSettings' does not exist on type 'never'.
app/dashboard/teams/[id]/index.tsx(200,49): error TS2339: Property 'analyticsRefreshIntervalMinutes' does not exist on type 'never'.
app/dashboard/teams/[id]/index.tsx(213,63): error TS2339: Property 'organizationId' does not exist on type 'never'.
app/dashboard/teams/[id]/index.tsx(256,32): error TS2339: Property 'organizationId' does not exist on type 'never'.
app/dashboard/teams/[id]/index.tsx(257,31): error TS2339: Property 'defaultRoleId' does not exist on type 'never'.
app/dashboard/teams/index.tsx(11,43): error TS2344: Type 'CreateRouterInner<RootConfig<{ ctx: Context; meta: object; errorShape: DefaultErrorShape; transformer: DefaultDataTransformer; }>, { ...; }>' does not satisfy the constraint 'AnyRouter'.
  Types of property '_def' are incompatible.
    Property 'lazy' is missing in type 'RouterDef<RootConfig<{ ctx: Context; meta: object; errorShape: DefaultErrorShape; transformer: DefaultDataTransformer; }>, { ...; }, { ...; }>' but required in type 'RouterDef<any, any>'.
app/dashboard/teams/index.tsx(16,71): error TS2339: Property 'list' does not exist on type 'never'.
app/dashboard/teams/index.tsx(84,43): error TS2339: Property 'purpose' does not exist on type 'never'.
app/dashboard/teams/index.tsx(85,22): error TS2339: Property 'purpose' does not exist on type 'never'.
app/dashboard/teams/index.tsx(89,31): error TS2339: Property 'id' does not exist on type 'never'.
app/dashboard/teams/index.tsx(93,27): error TS2339: Property 'name' does not exist on type 'never'.
app/dashboard/teams/index.tsx(96,23): error TS2339: Property 'description' does not exist on type 'never'.
app/dashboard/teams/index.tsx(97,48): error TS2339: Property 'description' does not exist on type 'never'.
app/dashboard/teams/index.tsx(106,39): error TS2339: Property 'visibility' does not exist on type 'never'.
app/dashboard/teams/index.tsx(112,86): error TS2339: Property 'id' does not exist on type 'never'.
app/dashboard/teams/invitations.tsx(11,51): error TS2344: Type 'CreateRouterInner<RootConfig<{ ctx: Context; meta: object; errorShape: DefaultErrorShape; transformer: DefaultDataTransformer; }>, { ...; }>' does not satisfy the constraint 'AnyRouter'.
  Types of property '_def' are incompatible.
    Property 'lazy' is missing in type 'RouterDef<RootConfig<{ ctx: Context; meta: object; errorShape: DefaultErrorShape; transformer: DefaultDataTransformer; }>, { ...; }, { ...; }>' but required in type 'RouterDef<any, any>'.
app/dashboard/teams/invitations.tsx(16,38): error TS2339: Property 'invitations' does not exist on type 'never'.
app/dashboard/teams/invitations.tsx(18,37): error TS2339: Property 'invitations' does not exist on type 'never'.
app/dashboard/teams/invitations.tsx(20,25): error TS2339: Property 'status' does not exist on type 'never'.
app/dashboard/teams/invitations.tsx(22,18): error TS2339: Property 'status' does not exist on type 'never'.
app/dashboard/users/[id]/index.tsx(30,17): error TS2339: Property 'widgets' does not exist on type 'never'.
app/dashboard/users/[id]/index.tsx(50,47): error TS2339: Property 'recordView' does not exist on type 'never'.
app/jobs/[slug].tsx(22,16): error TS2339: Property 'bySlug' does not exist on type 'never'.
app/office/applications/[applicationId]/inquiry.tsx(13,52): error TS2339: Property 'getByApplication' does not exist on type 'never'.
app/office/cms/jobs/[id]/edit.tsx(17,42): error TS2339: Property 'getJob' does not exist on type 'never'.
app/office/cms/organizations/[id]/edit.tsx(17,42): error TS2339: Property 'getOrganization' does not exist on type 'never'.
app/office/cms/projects/[id]/index.tsx(10,44): error TS2339: Property 'get' does not exist on type 'never'.
app/office/cms/teams/[id]/analytics.tsx(16,45): error TS2344: Type 'CreateRouterInner<RootConfig<{ ctx: Context; meta: object; errorShape: DefaultErrorShape; transformer: DefaultDataTransformer; }>, { ...; }>' does not satisfy the constraint 'AnyRouter'.
  Types of property '_def' are incompatible.
    Property 'lazy' is missing in type 'RouterDef<RootConfig<{ ctx: Context; meta: object; errorShape: DefaultErrorShape; transformer: DefaultDataTransformer; }>, { ...; }, { ...; }>' but required in type 'RouterDef<any, any>'.
app/office/cms/teams/[id]/analytics.tsx(25,31): error TS2339: Property 'byId' does not exist on type 'never'.
app/office/cms/teams/[id]/analytics.tsx(32,34): error TS2339: Property 'members' does not exist on type 'never'.
app/office/cms/teams/[id]/analytics.tsx(46,20): error TS2339: Property 'user' does not exist on type 'never'.
app/office/cms/teams/[id]/analytics.tsx(48,18): error TS2339: Property 'user' does not exist on type 'never'.
app/office/cms/teams/[id]/analytics.tsx(49,18): error TS2339: Property 'user' does not exist on type 'never'.
app/office/cms/teams/[id]/analytics.tsx(50,26): error TS2339: Property 'user' does not exist on type 'never'.
app/office/cms/teams/[id]/analytics.tsx(61,19): error TS2339: Property 'user' does not exist on type 'never'.
app/office/cms/teams/[id]/analytics.tsx(62,24): error TS2339: Property 'user' does not exist on type 'never'.
app/office/cms/teams/[id]/analytics.tsx(63,29): error TS2339: Property 'user' does not exist on type 'never'.
app/office/cms/teams/[id]/analytics.tsx(64,26): error TS2339: Property 'user' does not exist on type 'never'.
app/office/cms/teams/[id]/edit.tsx(31,69): error TS2339: Property 'byId' does not exist on type 'never'.
app/office/cms/teams/[id]/index.tsx(26,44): error TS2344: Type 'CreateRouterInner<RootConfig<{ ctx: Context; meta: object; errorShape: DefaultErrorShape; transformer: DefaultDataTransformer; }>, { ...; }>' does not satisfy the constraint 'AnyRouter'.
  Types of property '_def' are incompatible.
    Property 'lazy' is missing in type 'RouterDef<RootConfig<{ ctx: Context; meta: object; errorShape: DefaultErrorShape; transformer: DefaultDataTransformer; }>, { ...; }, { ...; }>' but required in type 'RouterDef<any, any>'.
app/office/cms/teams/[id]/index.tsx(28,45): error TS2344: Type 'CreateRouterInner<RootConfig<{ ctx: Context; meta: object; errorShape: DefaultErrorShape; transformer: DefaultDataTransformer; }>, { ...; }>' does not satisfy the constraint 'AnyRouter'.
  Types of property '_def' are incompatible.
    Property 'lazy' is missing in type 'RouterDef<RootConfig<{ ctx: Context; meta: object; errorShape: DefaultErrorShape; transformer: DefaultDataTransformer; }>, { ...; }, { ...; }>' but required in type 'RouterDef<any, any>'.
app/office/cms/teams/[id]/index.tsx(29,48): error TS2344: Type 'CreateRouterInner<RootConfig<{ ctx: Context; meta: object; errorShape: DefaultErrorShape; transformer: DefaultDataTransformer; }>, { ...; }>' does not satisfy the constraint 'AnyRouter'.
  Types of property '_def' are incompatible.
    Property 'lazy' is missing in type 'RouterDef<RootConfig<{ ctx: Context; meta: object; errorShape: DefaultErrorShape; transformer: DefaultDataTransformer; }>, { ...; }, { ...; }>' but required in type 'RouterDef<any, any>'.
app/office/cms/teams/[id]/index.tsx(30,44): error TS2344: Type 'CreateRouterInner<RootConfig<{ ctx: Context; meta: object; errorShape: DefaultErrorShape; transformer: DefaultDataTransformer; }>, { ...; }>' does not satisfy the constraint 'AnyRouter'.
  Types of property '_def' are incompatible.
    Property 'lazy' is missing in type 'RouterDef<RootConfig<{ ctx: Context; meta: object; errorShape: DefaultErrorShape; transformer: DefaultDataTransformer; }>, { ...; }, { ...; }>' but required in type 'RouterDef<any, any>'.
app/office/cms/teams/[id]/index.tsx(47,17): error TS2339: Property 'byId' does not exist on type 'never'.
app/office/cms/teams/[id]/index.tsx(60,17): error TS2339: Property 'members' does not exist on type 'never'.
app/office/cms/teams/[id]/index.tsx(72,17): error TS2339: Property 'invitations' does not exist on type 'never'.
app/office/cms/teams/[id]/index.tsx(88,18): error TS2339: Property 'listJobs' does not exist on type 'never'.
app/office/cms/teams/[id]/index.tsx(139,56): error TS2339: Property 'length' does not exist on type 'never'.
app/office/cms/teams/[id]/index.tsx(144,26): error TS2339: Property 'length' does not exist on type 'never'.
app/office/cms/teams/[id]/index.tsx(162,72): error TS2339: Property 'id' does not exist on type 'never'.
app/office/cms/teams/[id]/index.tsx(171,77): error TS2339: Property 'id' does not exist on type 'never'.
app/office/cms/teams/[id]/index.tsx(185,38): error TS2339: Property 'id' does not exist on type 'never'.
app/office/cms/teams/[id]/index.tsx(231,79): error TS2339: Property 'id' does not exist on type 'never'.
app/office/cms/teams/[id]/index.tsx(237,43): error TS2339: Property 'id' does not exist on type 'never'.
app/office/cms/teams/[id]/index.tsx(237,68): error TS2339: Property 'organizationId' does not exist on type 'never'.
app/office/cms/teams/[id]/index.tsx(240,28): error TS2339: Property 'id' does not exist on type 'never'.
app/office/cms/teams/[id]/index.tsx(250,42): error TS2339: Property 'id' does not exist on type 'never'.
app/office/cms/teams/[id]/index.tsx(256,28): error TS2339: Property 'id' does not exist on type 'never'.
app/office/cms/teams/[id]/index.tsx(295,22): error TS2339: Property 'id' does not exist on type 'never'.
app/office/cms/teams/[id]/index.tsx(296,30): error TS2339: Property 'organizationId' does not exist on type 'never'.
app/office/cms/teams/[id]/index.tsx(297,29): error TS2339: Property 'defaultRoleId' does not exist on type 'never'.
app/office/cms/teams/[id]/index.tsx(297,51): error TS2339: Property 'defaultRole' does not exist on type 'never'.
app/office/cms/teams/[id]/settings.tsx(11,44): error TS2344: Type 'CreateRouterInner<RootConfig<{ ctx: Context; meta: object; errorShape: DefaultErrorShape; transformer: DefaultDataTransformer; }>, { ...; }>' does not satisfy the constraint 'AnyRouter'.
  Types of property '_def' are incompatible.
    Property 'lazy' is missing in type 'RouterDef<RootConfig<{ ctx: Context; meta: object; errorShape: DefaultErrorShape; transformer: DefaultDataTransformer; }>, { ...; }, { ...; }>' but required in type 'RouterDef<any, any>'.
app/office/cms/teams/[id]/settings.tsx(29,17): error TS2339: Property 'byId' does not exist on type 'never'.
app/office/cms/teams/[id]/settings.tsx(73,26): error TS2339: Property 'metadata' does not exist on type 'never'.
app/office/cms/teams/[id]/settings.tsx(74,25): error TS2339: Property 'isArchived' does not exist on type 'never'.
app/office/cms/teams/[id]/settings.tsx(75,31): error TS2339: Property 'defaultRoleId' does not exist on type 'never'.
app/office/cms/teams/[id]/settings.tsx(75,53): error TS2339: Property 'defaultRole' does not exist on type 'never'.
app/office/cms/teams/[id]/settings.tsx(91,15): error TS2339: Property 'isArchived' does not exist on type 'never'.
app/office/cms/teams/[id]/settings.tsx(101,24): error TS2339: Property 'id' does not exist on type 'never'.
app/office/cms/teams/[id]/settings.tsx(102,32): error TS2339: Property 'organizationId' does not exist on type 'never'.
app/office/cms/teams/create.tsx(10,53): error TS2344: Type 'CreateRouterInner<RootConfig<{ ctx: Context; meta: object; errorShape: DefaultErrorShape; transformer: DefaultDataTransformer; }>, { ...; }>' does not satisfy the constraint 'AnyRouter'.
  Types of property '_def' are incompatible.
    Property 'lazy' is missing in type 'RouterDef<RootConfig<{ ctx: Context; meta: object; errorShape: DefaultErrorShape; transformer: DefaultDataTransformer; }>, { ...; }, { ...; }>' but required in type 'RouterDef<any, any>'.
app/office/cms/teams/create.tsx(24,50): error TS2339: Property 'id' does not exist on type 'never'.
app/office/cms/teams/create.tsx(64,54): error TS2339: Property 'id' does not exist on type 'never'.
app/office/cms/teams/create.tsx(64,86): error TS2339: Property 'name' does not exist on type 'never'.
app/office/cms/teams/create.tsx(76,41): error TS2339: Property 'id' does not exist on type 'never'.
app/office/cms/teams/create.tsx(76,56): error TS2339: Property 'id' does not exist on type 'never'.
app/office/cms/teams/create.tsx(78,29): error TS2339: Property 'name' does not exist on type 'never'.
app/office/cms/universities/[id]/edit.tsx(19,42): error TS2339: Property 'universities' does not exist on type 'never'.
app/teams/invitations/accept.tsx(12,51): error TS2344: Type 'CreateRouterInner<RootConfig<{ ctx: Context; meta: object; errorShape: DefaultErrorShape; transformer: DefaultDataTransformer; }>, { ...; }>' does not satisfy the constraint 'AnyRouter'.
  Types of property '_def' are incompatible.
    Property 'lazy' is missing in type 'RouterDef<RootConfig<{ ctx: Context; meta: object; errorShape: DefaultErrorShape; transformer: DefaultDataTransformer; }>, { ...; }, { ...; }>' but required in type 'RouterDef<any, any>'.
app/teams/invitations/accept.tsx(25,37): error TS2339: Property 'respondToInvitation' does not exist on type 'never'.
app/teams/invitations/accept.tsx(27,18): error TS2339: Property 'status' does not exist on type 'never'.
app/teams/invitations/accept.tsx(28,32): error TS2339: Property 'teamId' does not exist on type 'never'.
app/u/[slug].tsx(35,19): error TS2339: Property 'vanity' does not exist on type 'never'.
app/u/[slug].tsx(45,47): error TS2339: Property 'recordView' does not exist on type 'never'.
../../packages/core/components/user/UserSearch.tsx(58,42): error TS2339: Property 'listUsers' does not exist on type 'never'.
../../packages/core/features/applications/components/ApplicationWizard.tsx(101,45): error TS2339: Property 'trackEvent' does not exist on type 'never'.
../../packages/core/features/applications/components/AttachmentsStep.tsx(99,49): error TS2339: Property 'getUploadUrl' does not exist on type 'never'.
../../packages/core/features/applications/components/AttachmentsStep.tsx(100,50): error TS2339: Property 'confirmUpload' does not exist on type 'never'.
../../packages/core/features/applications/components/QuickApplyModal.tsx(101,43): error TS2339: Property 'submit' does not exist on type 'never'.
../../packages/core/features/applications/hooks/useApplicationForm.ts(48,43): error TS2339: Property 'submit' does not exist on type 'never'.
../../packages/core/features/applications/hooks/useApplicationForm.ts(49,40): error TS2339: Property 'createApplication' does not exist on type 'never'.
../../packages/core/features/applications/hooks/useApplicationForm.ts(50,35): error TS2339: Property 'updateApplication' does not exist on type 'never'.
../../packages/core/features/applications/hooks/useApplicationForm.ts(51,47): error TS2339: Property 'updateStep' does not exist on type 'never'.
../../packages/core/features/applications/hooks/useApplicationForm.ts(54,42): error TS2339: Property 'getMyApplicationForJob' does not exist on type 'never'.
../../packages/core/features/assessments/hooks/useAssessmentStatus.ts(9,51): error TS2339: Property 'getLuscherTest1Status' does not exist on type 'never'.
../../packages/core/features/assessments/hooks/useAssessmentStatus.ts(10,62): error TS2339: Property 'getLuscherTestAvailability' does not exist on type 'never'.
../../packages/core/features/assessments/hooks/useAssessmentStatus.ts(11,47): error TS2339: Property 'getIPIPStatus' does not exist on type 'never'.
../../packages/core/features/assessments/hooks/useAssessmentStatus.ts(12,51): error TS2339: Property 'getLuscherTest2Status' does not exist on type 'never'.
../../packages/core/features/assessments/hooks/useAssessmentStatus.ts(15,32): error TS2339: Property 'getRIASECStatus' does not exist on type 'never'.
../../packages/core/features/assessments/hooks/useAssessmentStatus.ts(16,36): error TS2339: Property 'getOccupationStatus' does not exist on type 'never'.
../../packages/core/features/auth/components/MagicLinkPending.tsx(27,37): error TS2339: Property 'requestMagicLink' does not exist on type 'never'.
../../packages/core/features/auth/login-screen.tsx(37,37): error TS2339: Property 'requestMagicLink' does not exist on type 'never'.
../../packages/core/features/auth/welcome-screen.tsx(54,39): error TS2339: Property 'getActiveWelcomeSlides' does not exist on type 'never'.
../../packages/core/features/background-check/admin/AdminAuditLogPanel.tsx(7,41): error TS2344: Type 'CreateRouterInner<RootConfig<{ ctx: Context; meta: object; errorShape: DefaultErrorShape; transformer: DefaultDataTransformer; }>, { ...; }>' does not satisfy the constraint 'AnyRouter'.
  Types of property '_def' are incompatible.
    Property 'lazy' is missing in type 'RouterDef<RootConfig<{ ctx: Context; meta: object; errorShape: DefaultErrorShape; transformer: DefaultDataTransformer; }>, { ...; }, { ...; }>' but required in type 'RouterDef<any, any>'.
../../packages/core/features/background-check/admin/AdminAuditLogPanel.tsx(89,17): error TS2339: Property 'id' does not exist on type 'never'.
../../packages/core/features/background-check/admin/AdminAuditLogPanel.tsx(90,25): error TS2339: Property 'accessed_at' does not exist on type 'never'.
../../packages/core/features/background-check/admin/AdminAuditLogPanel.tsx(90,54): error TS2339: Property 'accessed_at' does not exist on type 'never'.
../../packages/core/features/background-check/admin/AdminAuditLogPanel.tsx(91,24): error TS2339: Property 'actor' does not exist on type 'never'.
../../packages/core/features/background-check/admin/AdminAuditLogPanel.tsx(92,25): error TS2339: Property 'actor' does not exist on type 'never'.
../../packages/core/features/background-check/admin/AdminAuditLogPanel.tsx(93,25): error TS2339: Property 'access_type' does not exist on type 'never'.
../../packages/core/features/background-check/admin/AdminAuditLogPanel.tsx(94,22): error TS2339: Property 'background_check' does not exist on type 'never'.
../../packages/core/features/background-check/admin/AdminAuditLogPanel.tsx(95,26): error TS2339: Property 'background_check' does not exist on type 'never'.
../../packages/core/features/background-check/admin/AdminAuditLogPanel.tsx(96,25): error TS2339: Property 'background_check' does not exist on type 'never'.
../../packages/core/features/background-check/admin/AdminAuditLogPanel.tsx(97,24): error TS2339: Property 'ip_address' does not exist on type 'never'.
../../packages/core/features/background-check/admin/AdminAuditLogPanel.tsx(98,24): error TS2339: Property 'user_agent' does not exist on type 'never'.
../../packages/core/features/background-check/admin/AdminBackgroundChecksPage.tsx(25,41): error TS2344: Type 'CreateRouterInner<RootConfig<{ ctx: Context; meta: object; errorShape: DefaultErrorShape; transformer: DefaultDataTransformer; }>, { ...; }>' does not satisfy the constraint 'AnyRouter'.
  Types of property '_def' are incompatible.
    Property 'lazy' is missing in type 'RouterDef<RootConfig<{ ctx: Context; meta: object; errorShape: DefaultErrorShape; transformer: DefaultDataTransformer; }>, { ...; }, { ...; }>' but required in type 'RouterDef<any, any>'.
../../packages/core/features/background-check/admin/AdminBackgroundChecksPage.tsx(78,38): error TS2339: Property 'label' does not exist on type 'never'.
../../packages/core/features/background-check/admin/AdminBackgroundChecksPage.tsx(87,83): error TS2345: Argument of type '"under_review"' is not assignable to parameter of type '"all" | (() => "all")'.
../../packages/core/features/background-check/admin/AdminBackgroundChecksPage.tsx(93,44): error TS2339: Property 'adminListChecks' does not exist on type 'never'.
../../packages/core/features/background-check/admin/AdminBackgroundChecksPage.tsx(104,46): error TS2339: Property 'adminListDisputes' does not exist on type 'never'.
../../packages/core/features/background-check/admin/AdminBackgroundChecksPage.tsx(110,45): error TS2339: Property 'adminGetMetrics' does not exist on type 'never'.
../../packages/core/features/background-check/admin/AdminBackgroundChecksPage.tsx(115,47): error TS2339: Property 'adminGetAccessLog' does not exist on type 'never'.
../../packages/core/features/background-check/admin/AdminBackgroundChecksPage.tsx(126,28): error TS2339: Property 'worker' does not exist on type 'never'.
../../packages/core/features/background-check/admin/AdminBackgroundChecksPage.tsx(127,34): error TS2339: Property 'organization' does not exist on type 'never'.
../../packages/core/features/background-check/admin/AdminBackgroundChecksPage.tsx(128,50): error TS2339: Property 'status' does not exist on type 'never'.
../../packages/core/features/background-check/admin/AdminBackgroundChecksPage.tsx(130,19): error TS2339: Property 'id' does not exist on type 'never'.
../../packages/core/features/background-check/admin/AdminBackgroundChecksPage.tsx(134,23): error TS2339: Property 'status' does not exist on type 'never'.
../../packages/core/features/background-check/admin/AdminBackgroundChecksPage.tsx(135,33): error TS2339: Property 'label' does not exist on type 'never'.
../../packages/core/features/background-check/admin/AdminBackgroundChecksPage.tsx(136,28): error TS2339: Property 'package' does not exist on type 'never'.
../../packages/core/features/background-check/admin/AdminBackgroundChecksPage.tsx(136,59): error TS2339: Property 'package' does not exist on type 'never'.
../../packages/core/features/background-check/admin/AdminBackgroundChecksPage.tsx(137,28): error TS2339: Property 'completed_at' does not exist on type 'never'.
../../packages/core/features/background-check/admin/AdminBackgroundChecksPage.tsx(138,26): error TS2339: Property 'expires_at' does not exist on type 'never'.
../../packages/core/features/background-check/admin/AdminBackgroundChecksPage.tsx(139,26): error TS2339: Property 'invited_at' does not exist on type 'never'.
../../packages/core/features/background-check/admin/AdminBackgroundChecksPage.tsx(161,30): error TS2339: Property 'background_check' does not exist on type 'never'.
../../packages/core/features/background-check/admin/AdminBackgroundChecksPage.tsx(162,36): error TS2339: Property 'background_check' does not exist on type 'never'.
../../packages/core/features/background-check/admin/AdminBackgroundChecksPage.tsx(164,21): error TS2339: Property 'id' does not exist on type 'never'.
../../packages/core/features/background-check/admin/AdminBackgroundChecksPage.tsx(168,25): error TS2339: Property 'status' does not exist on type 'never'.
../../packages/core/features/background-check/admin/AdminBackgroundChecksPage.tsx(169,26): error TS2339: Property 'created_at' does not exist on type 'never'.
../../packages/core/features/background-check/admin/AdminBackgroundChecksPage.tsx(303,68): error TS2339: Property 'status' does not exist on type 'never'.
../../packages/core/features/background-check/admin/AdminBackgroundChecksPage.tsx(307,19): error TS2339: Property 'status' does not exist on type 'never'.
../../packages/core/features/background-check/admin/AdminBackgroundChecksPage.tsx(307,51): error TS2339: Property 'status' does not exist on type 'never'.
../../packages/core/features/background-check/admin/AdminCatalogManager.tsx(20,41): error TS2344: Type 'CreateRouterInner<RootConfig<{ ctx: Context; meta: object; errorShape: DefaultErrorShape; transformer: DefaultDataTransformer; }>, { ...; }>' does not satisfy the constraint 'AnyRouter'.
  Types of property '_def' are incompatible.
    Property 'lazy' is missing in type 'RouterDef<RootConfig<{ ctx: Context; meta: object; errorShape: DefaultErrorShape; transformer: DefaultDataTransformer; }>, { ...; }, { ...; }>' but required in type 'RouterDef<any, any>'.
../../packages/core/features/background-check/admin/AdminCatalogManager.tsx(115,46): error TS2339: Property 'adminListPackages' does not exist on type 'never'.
../../packages/core/features/background-check/admin/AdminCatalogManager.tsx(118,48): error TS2339: Property 'adminListCheckTypes' does not exist on type 'never'.
../../packages/core/features/background-check/admin/AdminCatalogManager.tsx(122,54): error TS2339: Property 'adminUpsertPackage' does not exist on type 'never'.
../../packages/core/features/background-check/admin/AdminCatalogManager.tsx(123,56): error TS2339: Property 'adminUpsertCheckType' does not exist on type 'never'.
../../packages/core/features/background-check/admin/AdminCatalogManager.tsx(124,57): error TS2339: Property 'adminSetPackageActive' does not exist on type 'never'.
../../packages/core/features/background-check/admin/AdminCatalogManager.tsx(125,59): error TS2339: Property 'adminSetCheckTypeActive' does not exist on type 'never'.
../../packages/core/features/background-check/admin/AdminCatalogManager.tsx(142,30): error TS2339: Property 'adminListPackages' does not exist on type 'never'.
../../packages/core/features/background-check/admin/AdminCatalogManager.tsx(143,30): error TS2339: Property 'adminListCheckTypes' does not exist on type 'never'.
../../packages/core/features/background-check/admin/AdminCatalogManager.tsx(163,20): error TS2339: Property 'slug' does not exist on type 'never'.
../../packages/core/features/background-check/admin/AdminCatalogManager.tsx(164,27): error TS2339: Property 'display_name' does not exist on type 'never'.
../../packages/core/features/background-check/admin/AdminCatalogManager.tsx(165,27): error TS2339: Property 'description' does not exist on type 'never'.
../../packages/core/features/background-check/admin/AdminCatalogManager.tsx(166,28): error TS2339: Property 'provider_package_code' does not exist on type 'never'.
../../packages/core/features/background-check/admin/AdminCatalogManager.tsx(167,35): error TS2339: Property 'platform_cost_cents' does not exist on type 'never'.
../../packages/core/features/background-check/admin/AdminCatalogManager.tsx(168,33): error TS2339: Property 'retail_cost_cents' does not exist on type 'never'.
../../packages/core/features/background-check/admin/AdminCatalogManager.tsx(170,16): error TS2339: Property 'estimated_completion_days' does not exist on type 'never'.
../../packages/core/features/background-check/admin/AdminCatalogManager.tsx(170,64): error TS2339: Property 'estimated_completion_days' does not exist on type 'never'.
../../packages/core/features/background-check/admin/AdminCatalogManager.tsx(171,39): error TS2339: Property 'metadata' does not exist on type 'never'.
../../packages/core/features/background-check/admin/AdminCatalogManager.tsx(172,49): error TS2339: Property 'component_overrides' does not exist on type 'never'.
../../packages/core/features/background-check/admin/AdminCatalogManager.tsx(173,24): error TS2339: Property 'is_active' does not exist on type 'never'.
../../packages/core/features/background-check/admin/AdminCatalogManager.tsx(175,46): error TS2339: Property 'check_type_ids' does not exist on type 'never'.
../../packages/core/features/background-check/admin/AdminCatalogManager.tsx(187,20): error TS2339: Property 'slug' does not exist on type 'never'.
../../packages/core/features/background-check/admin/AdminCatalogManager.tsx(188,27): error TS2339: Property 'display_name' does not exist on type 'never'.
../../packages/core/features/background-check/admin/AdminCatalogManager.tsx(189,27): error TS2339: Property 'description' does not exist on type 'never'.
../../packages/core/features/background-check/admin/AdminCatalogManager.tsx(190,24): error TS2339: Property 'category' does not exist on type 'never'.
../../packages/core/features/background-check/admin/AdminCatalogManager.tsx(191,28): error TS2339: Property 'provider_check_code' does not exist on type 'never'.
../../packages/core/features/background-check/admin/AdminCatalogManager.tsx(192,28): error TS2339: Property 'validity_days' does not exist on type 'never'.
../../packages/core/features/background-check/admin/AdminCatalogManager.tsx(192,64): error TS2339: Property 'validity_days' does not exist on type 'never'.
../../packages/core/features/background-check/admin/AdminCatalogManager.tsx(193,35): error TS2339: Property 'platform_cost_cents' does not exist on type 'never'.
../../packages/core/features/background-check/admin/AdminCatalogManager.tsx(194,26): error TS2339: Property 'retail_cost_cents' does not exist on type 'never'.
../../packages/core/features/background-check/admin/AdminCatalogManager.tsx(194,66): error TS2339: Property 'retail_cost_cents' does not exist on type 'never'.
../../packages/core/features/background-check/admin/AdminCatalogManager.tsx(196,16): error TS2339: Property 'estimated_completion_days' does not exist on type 'never'.
../../packages/core/features/background-check/admin/AdminCatalogManager.tsx(196,64): error TS2339: Property 'estimated_completion_days' does not exist on type 'never'.
../../packages/core/features/background-check/admin/AdminCatalogManager.tsx(197,33): error TS2339: Property 'required_documents' does not exist on type 'never'.
../../packages/core/features/background-check/admin/AdminCatalogManager.tsx(198,52): error TS2339: Property 'provider_configuration' does not exist on type 'never'.
../../packages/core/features/background-check/admin/AdminCatalogManager.tsx(199,39): error TS2339: Property 'metadata' does not exist on type 'never'.
../../packages/core/features/background-check/admin/AdminCatalogManager.tsx(200,24): error TS2339: Property 'is_active' does not exist on type 'never'.
../../packages/core/features/background-check/admin/AdminCatalogManager.tsx(286,65): error TS2339: Property 'id' does not exist on type 'never'.
../../packages/core/features/background-check/admin/AdminCatalogManager.tsx(374,69): error TS2339: Property 'id' does not exist on type 'never'.
../../packages/core/features/background-check/admin/AdminCatalogManager.tsx(404,31): error TS2339: Property 'id' does not exist on type 'never'.
../../packages/core/features/background-check/admin/AdminCatalogManager.tsx(407,20): error TS2339: Property 'id' does not exist on type 'never'.
../../packages/core/features/background-check/admin/AdminCatalogManager.tsx(408,28): error TS2339: Property 'is_active' does not exist on type 'never'.
../../packages/core/features/background-check/admin/AdminCatalogManager.tsx(412,28): error TS2339: Property 'display_name' does not exist on type 'never'.
../../packages/core/features/background-check/admin/AdminCatalogManager.tsx(412,58): error TS2339: Property 'is_active' does not exist on type 'never'.
../../packages/core/features/background-check/admin/AdminCatalogManager.tsx(423,33): error TS2339: Property 'id' does not exist on type 'never'.
../../packages/core/features/background-check/admin/AdminCatalogManager.tsx(426,20): error TS2339: Property 'id' does not exist on type 'never'.
../../packages/core/features/background-check/admin/AdminCatalogManager.tsx(427,28): error TS2339: Property 'is_active' does not exist on type 'never'.
../../packages/core/features/background-check/admin/AdminCatalogManager.tsx(431,28): error TS2339: Property 'display_name' does not exist on type 'never'.
../../packages/core/features/background-check/admin/AdminCatalogManager.tsx(431,58): error TS2339: Property 'is_active' does not exist on type 'never'.
../../packages/core/features/background-check/admin/AdminCatalogManager.tsx(506,28): error TS2339: Property 'id' does not exist on type 'never'.
../../packages/core/features/background-check/admin/AdminCatalogManager.tsx(517,30): error TS2339: Property 'display_name' does not exist on type 'never'.
../../packages/core/features/background-check/admin/AdminCatalogManager.tsx(520,30): error TS2339: Property 'slug' does not exist on type 'never'.
../../packages/core/features/background-check/admin/AdminCatalogManager.tsx(522,28): error TS2339: Property 'description' does not exist on type 'never'.
../../packages/core/features/background-check/admin/AdminCatalogManager.tsx(524,32): error TS2339: Property 'description' does not exist on type 'never'.
../../packages/core/features/background-check/admin/AdminCatalogManager.tsx(540,59): error TS2339: Property 'id' does not exist on type 'never'.
../../packages/core/features/background-check/admin/AdminCatalogManager.tsx(545,30): error TS2339: Property 'is_active' does not exist on type 'never'.
../../packages/core/features/background-check/admin/AdminCatalogManager.tsx(553,49): error TS2339: Property 'platform_cost_cents' does not exist on type 'never'.
../../packages/core/features/background-check/admin/AdminCatalogManager.tsx(555,78): error TS2339: Property 'retail_cost_cents' does not exist on type 'never'.
../../packages/core/features/background-check/admin/AdminCatalogManager.tsx(558,45): error TS2339: Property 'estimated_completion_days' does not exist on type 'never'.
../../packages/core/features/background-check/admin/AdminCatalogManager.tsx(560,57): error TS2339: Property 'is_active' does not exist on type 'never'.
../../packages/core/features/background-check/admin/AdminCatalogManager.tsx(569,26): error TS2339: Property 'components' does not exist on type 'never'.
../../packages/core/features/background-check/admin/AdminCatalogManager.tsx(574,27): error TS2339: Property 'components' does not exist on type 'never'.
../../packages/core/features/background-check/admin/AdminCatalogManager.tsx(576,42): error TS2339: Property 'id' does not exist on type 'never'.
../../packages/core/features/background-check/admin/AdminCatalogManager.tsx(588,42): error TS2339: Property 'display_name' does not exist on type 'never'.
../../packages/core/features/background-check/admin/AdminCatalogManager.tsx(591,75): error TS2339: Property 'category' does not exist on type 'never'.
../../packages/core/features/background-check/admin/AdminCatalogManager.tsx(594,61): error TS2339: Property 'estimated_completion_days' does not exist on type 'never'.
../../packages/core/features/background-check/admin/AdminCatalogManager.tsx(598,50): error TS2339: Property 'is_active' does not exist on type 'never'.
../../packages/core/features/background-check/admin/AdminCatalogManager.tsx(652,29): error TS2339: Property 'id' does not exist on type 'never'.
../../packages/core/features/background-check/admin/AdminCatalogManager.tsx(663,31): error TS2339: Property 'display_name' does not exist on type 'never'.
../../packages/core/features/background-check/admin/AdminCatalogManager.tsx(666,31): error TS2339: Property 'slug' does not exist on type 'never'.
../../packages/core/features/background-check/admin/AdminCatalogManager.tsx(668,29): error TS2339: Property 'description' does not exist on type 'never'.
../../packages/core/features/background-check/admin/AdminCatalogManager.tsx(670,33): error TS2339: Property 'description' does not exist on type 'never'.
../../packages/core/features/background-check/admin/AdminCatalogManager.tsx(686,62): error TS2339: Property 'id' does not exist on type 'never'.
../../packages/core/features/background-check/admin/AdminCatalogManager.tsx(691,31): error TS2339: Property 'is_active' does not exist on type 'never'.
../../packages/core/features/background-check/admin/AdminCatalogManager.tsx(697,60): error TS2339: Property 'category' does not exist on type 'never'.
../../packages/core/features/background-check/admin/AdminCatalogManager.tsx(700,50): error TS2339: Property 'platform_cost_cents' does not exist on type 'never'.
../../packages/core/features/background-check/admin/AdminCatalogManager.tsx(702,79): error TS2339: Property 'retail_cost_cents' does not exist on type 'never'.
../../packages/core/features/background-check/admin/AdminCatalogManager.tsx(705,35): error TS2339: Property 'validity_days' does not exist on type 'never'.
../../packages/core/features/background-check/admin/AdminCatalogManager.tsx(705,59): error TS2339: Property 'validity_days' does not exist on type 'never'.
../../packages/core/features/background-check/admin/AdminCatalogManager.tsx(709,46): error TS2339: Property 'estimated_completion_days' does not exist on type 'never'.
../../packages/core/features/background-check/admin/AdminCatalogManager.tsx(711,58): error TS2339: Property 'is_active' does not exist on type 'never'.
../../packages/core/features/background-check/admin/AdminCatalogManager.tsx(719,51): error TS2339: Property 'required_documents' does not exist on type 'never'.
../../packages/core/features/background-check/admin/AdminCatalogManager.tsx(830,74): error TS2339: Property 'id' does not exist on type 'never'.
../../packages/core/features/background-check/admin/AdminCatalogManager.tsx(833,39): error TS2339: Property 'id' does not exist on type 'never'.
../../packages/core/features/background-check/admin/AdminCatalogManager.tsx(847,62): error TS2339: Property 'id' does not exist on type 'never'.
../../packages/core/features/background-check/admin/AdminCatalogManager.tsx(856,39): error TS2339: Property 'display_name' does not exist on type 'never'.
../../packages/core/features/background-check/admin/AdminCatalogManager.tsx(859,39): error TS2339: Property 'category' does not exist on type 'never'.
../../packages/core/features/background-check/admin/AdminCatalogManager.tsx(860,54): error TS2339: Property 'platform_cost_cents' does not exist on type 'never'.
../../packages/core/features/background-check/admin/AdminCheckReviewDialog.tsx(19,41): error TS2344: Type 'CreateRouterInner<RootConfig<{ ctx: Context; meta: object; errorShape: DefaultErrorShape; transformer: DefaultDataTransformer; }>, { ...; }>' does not satisfy the constraint 'AnyRouter'.
  Types of property '_def' are incompatible.
    Property 'lazy' is missing in type 'RouterDef<RootConfig<{ ctx: Context; meta: object; errorShape: DefaultErrorShape; transformer: DefaultDataTransformer; }>, { ...; }, { ...; }>' but required in type 'RouterDef<any, any>'.
../../packages/core/features/background-check/admin/AdminCheckReviewDialog.tsx(114,26): error TS2339: Property 'id' does not exist on type 'never'.
../../packages/core/features/background-check/admin/AdminCheckReviewDialog.tsx(116,44): error TS2339: Property 'adminGetCheck' does not exist on type 'never'.
../../packages/core/features/background-check/admin/AdminCheckReviewDialog.tsx(128,63): error TS2345: Argument of type 'string' is not assignable to parameter of type '() => never'.
../../packages/core/features/background-check/admin/AdminCheckReviewDialog.tsx(157,43): error TS2339: Property 'tone' does not exist on type 'never'.
../../packages/core/features/background-check/admin/AdminCheckReviewDialog.tsx(160,41): error TS2339: Property 'adminUpdateStatus' does not exist on type 'never'.
../../packages/core/features/background-check/admin/AdminCheckReviewDialog.tsx(166,32): error TS2339: Property 'adminListChecks' does not exist on type 'never'.
../../packages/core/features/background-check/admin/AdminCheckReviewDialog.tsx(167,32): error TS2339: Property 'adminListDisputes' does not exist on type 'never'.
../../packages/core/features/background-check/admin/AdminCheckReviewDialog.tsx(169,36): error TS2339: Property 'adminGetCheck' does not exist on type 'never'.
../../packages/core/features/background-check/admin/AdminCheckReviewDialog.tsx(204,48): error TS2339: Property 'adminUpdatePrivacy' does not exist on type 'never'.
../../packages/core/features/background-check/admin/AdminCheckReviewDialog.tsx(206,57): error TS2339: Property 'adminGetDocumentDownloadUrl' does not exist on type 'never'.
../../packages/core/features/background-check/admin/AdminCheckReviewDialog.tsx(228,42): error TS2339: Property 'adminGetCheck' does not exist on type 'never'.
../../packages/core/features/background-check/admin/AdminCheckReviewDialog.tsx(249,30): error TS2339: Property 'adminGetCheck' does not exist on type 'never'.
../../packages/core/features/background-check/admin/AdminCheckReviewDialog.tsx(449,37): error TS2339: Property 'label' does not exist on type 'never'.
../../packages/core/features/background-check/admin/AdminCheckReviewDialog.tsx(456,19): error TS2322: Type 'any' is not assignable to type 'never'.
../../packages/core/features/background-check/admin/AdminCheckReviewDialog.tsx(457,19): error TS2322: Type 'any' is not assignable to type 'never'.
../../packages/core/features/background-check/admin/AdminCheckReviewDialog.tsx(482,39): error TS2339: Property 'label' does not exist on type 'never'.
../../packages/core/features/background-check/admin/AdminCheckReviewDialog.tsx(567,87): error TS2339: Property 'id' does not exist on type 'never'.
../../packages/core/features/background-check/admin/AdminCheckReviewDialog.tsx(570,43): error TS2339: Property 'id' does not exist on type 'never'.
../../packages/core/features/background-check/admin/AdminCheckReviewDialog.tsx(582,43): error TS2339: Property 'file_name' does not exist on type 'never'.
../../packages/core/features/background-check/admin/AdminCheckReviewDialog.tsx(582,65): error TS2339: Property 'document_type' does not exist on type 'never'.
../../packages/core/features/background-check/admin/AdminCheckReviewDialog.tsx(585,67): error TS2339: Property 'uploaded_at' does not exist on type 'never'.
../../packages/core/features/background-check/admin/AdminCheckReviewDialog.tsx(592,78): error TS2339: Property 'id' does not exist on type 'never'.
../../packages/core/features/background-check/admin/AdminCheckReviewDialog.tsx(711,42): error TS2339: Property 'id' does not exist on type 'never'.
../../packages/core/features/background-check/admin/AdminCheckReviewDialog.tsx(720,40): error TS2339: Property 'status' does not exist on type 'never'.
../../packages/core/features/background-check/admin/AdminCheckReviewDialog.tsx(723,65): error TS2339: Property 'created_at' does not exist on type 'never'.
../../packages/core/features/background-check/admin/AdminCheckReviewDialog.tsx(725,38): error TS2339: Property 'resolved_at' does not exist on type 'never'.
../../packages/core/features/background-check/admin/AdminCheckReviewDialog.tsx(727,66): error TS2339: Property 'resolved_at' does not exist on type 'never'.
../../packages/core/features/background-check/admin/AdminCheckReviewDialog.tsx(730,38): error TS2339: Property 'dispute_reason' does not exist on type 'never'.
../../packages/core/features/background-check/admin/AdminCheckReviewDialog.tsx(732,50): error TS2339: Property 'dispute_reason' does not exist on type 'never'.
../../packages/core/features/background-check/admin/AdminCheckReviewDialog.tsx(735,38): error TS2339: Property 'dispute_details' does not exist on type 'never'.
../../packages/core/features/background-check/admin/AdminCheckReviewDialog.tsx(737,51): error TS2339: Property 'dispute_details' does not exist on type 'never'.
../../packages/core/features/background-check/admin/AdminCheckReviewDialog.tsx(773,42): error TS2339: Property 'label' does not exist on type 'never'.
../../packages/core/features/background-check/admin/AdminDisputeResolutionDialog.tsx(16,41): error TS2344: Type 'CreateRouterInner<RootConfig<{ ctx: Context; meta: object; errorShape: DefaultErrorShape; transformer: DefaultDataTransformer; }>, { ...; }>' does not satisfy the constraint 'AnyRouter'.
  Types of property '_def' are incompatible.
    Property 'lazy' is missing in type 'RouterDef<RootConfig<{ ctx: Context; meta: object; errorShape: DefaultErrorShape; transformer: DefaultDataTransformer; }>, { ...; }, { ...; }>' but required in type 'RouterDef<any, any>'.
../../packages/core/features/background-check/admin/AdminDisputeResolutionDialog.tsx(54,41): error TS2339: Property 'adminResolveDispute' does not exist on type 'never'.
../../packages/core/features/background-check/admin/AdminDisputeResolutionDialog.tsx(60,32): error TS2339: Property 'adminListDisputes' does not exist on type 'never'.
../../packages/core/features/background-check/admin/AdminDisputeResolutionDialog.tsx(61,32): error TS2339: Property 'adminListChecks' does not exist on type 'never'.
../../packages/core/features/background-check/admin/AdminDisputeResolutionDialog.tsx(80,27): error TS2339: Property 'id' does not exist on type 'never'.
../../packages/core/features/background-check/admin/AdminDisputeResolutionDialog.tsx(88,19): error TS2339: Property 'background_check' does not exist on type 'never'.
../../packages/core/features/background-check/admin/AdminDisputeResolutionDialog.tsx(89,28): error TS2339: Property 'background_check' does not exist on type 'never'.
../../packages/core/features/background-check/admin/AdminDisputeResolutionDialog.tsx(91,16): error TS2339: Property 'background_check' does not exist on type 'never'.
../../packages/core/features/background-check/admin/AdminDisputeResolutionDialog.tsx(142,55): error TS2339: Property 'created_at' does not exist on type 'never'.
../../packages/core/features/background-check/admin/AdminDisputeResolutionDialog.tsx(145,46): error TS2339: Property 'status' does not exist on type 'never'.
../../packages/core/features/background-check/admin/AdminDisputeResolutionDialog.tsx(154,36): error TS2339: Property 'dispute_reason' does not exist on type 'never'.
../../packages/core/features/background-check/admin/AdminDisputeResolutionDialog.tsx(166,36): error TS2339: Property 'dispute_details' does not exist on type 'never'.
../../packages/core/features/background-check/admin/AdminMetricsPanel.tsx(6,41): error TS2344: Type 'CreateRouterInner<RootConfig<{ ctx: Context; meta: object; errorShape: DefaultErrorShape; transformer: DefaultDataTransformer; }>, { ...; }>' does not satisfy the constraint 'AnyRouter'.
  Types of property '_def' are incompatible.
    Property 'lazy' is missing in type 'RouterDef<RootConfig<{ ctx: Context; meta: object; errorShape: DefaultErrorShape; transformer: DefaultDataTransformer; }>, { ...; }, { ...; }>' but required in type 'RouterDef<any, any>'.
../../packages/core/features/background-check/admin/AdminMetricsPanel.tsx(48,26): error TS2339: Property 'totals' does not exist on type 'never'.
../../packages/core/features/background-check/admin/AdminMetricsPanel.tsx(53,26): error TS2339: Property 'totals' does not exist on type 'never'.
../../packages/core/features/background-check/admin/AdminMetricsPanel.tsx(58,26): error TS2339: Property 'totals' does not exist on type 'never'.
../../packages/core/features/background-check/admin/AdminMetricsPanel.tsx(63,26): error TS2339: Property 'totals' does not exist on type 'never'.
../../packages/core/features/background-check/admin/AdminMetricsPanel.tsx(85,66): error TS2339: Property 'disputes' does not exist on type 'never'.
../../packages/core/features/background-check/admin/AdminMetricsPanel.tsx(86,64): error TS2339: Property 'disputes' does not exist on type 'never'.
../../packages/core/features/background-check/admin/AdminMetricsPanel.tsx(87,60): error TS2339: Property 'disputes' does not exist on type 'never'.
../../packages/core/features/background-check/admin/AdminMetricsPanel.tsx(88,58): error TS2339: Property 'disputes' does not exist on type 'never'.
../../packages/core/features/background-check/admin/AdminMetricsPanel.tsx(106,22): error TS2339: Property 'averageCompletionDays' does not exist on type 'never'.
../../packages/core/features/background-check/admin/AdminMetricsPanel.tsx(106,65): error TS2339: Property 'averageCompletionDays' does not exist on type 'never'.
../../packages/core/features/background-check/admin/AdminMetricsPanel.tsx(124,20): error TS2339: Property 'packageDistribution' does not exist on type 'never'.
../../packages/core/features/background-check/admin/AdminMetricsPanel.tsx(129,21): error TS2339: Property 'packageDistribution' does not exist on type 'never'.
../../packages/core/features/background-check/components/CheckProgressTracker.tsx(48,56): error TS2339: Property 'entries' does not exist on type 'never'.
../../packages/core/features/background-check/components/CheckProgressTracker.tsx(80,24): error TS2488: Type 'never' must have a '[Symbol.iterator]()' method that returns an iterator.
../../packages/core/features/background-check/components/CheckProgressTracker.tsx(97,55): error TS2339: Property 'tone' does not exist on type 'never'.
../../packages/core/features/background-check/components/CheckProgressTracker.tsx(118,23): error TS2339: Property 'description' does not exist on type 'never'.
../../packages/core/features/background-check/components/CheckProgressTracker.tsx(134,59): error TS2339: Property 'tone' does not exist on type 'never'.
../../packages/core/features/background-check/components/CheckProgressTracker.tsx(167,46): error TS2339: Property 'label' does not exist on type 'never'.
../../packages/core/features/background-check/components/CheckProgressTracker.tsx(186,62): error TS2339: Property 'tone' does not exist on type 'never'.
../../packages/core/features/background-check/components/CheckProgressTracker.tsx(207,36): error TS2339: Property 'label' does not exist on type 'never'.
../../packages/core/features/background-check/components/CheckStatusCard.tsx(31,40): error TS2345: Argument of type 'any' is not assignable to parameter of type 'never'.
../../packages/core/features/background-check/components/CheckStatusCard.tsx(31,46): error TS2339: Property 'status' does not exist on type 'never'.
../../packages/core/features/background-check/components/CheckStatusCard.tsx(32,55): error TS2339: Property 'tone' does not exist on type 'never'.
../../packages/core/features/background-check/components/CheckStatusCard.tsx(33,38): error TS2345: Argument of type 'any' is not assignable to parameter of type 'never'.
../../packages/core/features/background-check/components/CheckStatusCard.tsx(33,44): error TS2339: Property 'status' does not exist on type 'never'.
../../packages/core/features/background-check/components/CheckStatusCard.tsx(34,63): error TS2339: Property 'expires_at' does not exist on type 'never'.
../../packages/core/features/background-check/components/CheckStatusCard.tsx(35,36): error TS2339: Property 'expires_at' does not exist on type 'never'.
../../packages/core/features/background-check/components/CheckStatusCard.tsx(36,51): error TS2339: Property 'expires_at' does not exist on type 'never'.
../../packages/core/features/background-check/components/CheckStatusCard.tsx(39,16): error TS2339: Property 'metadata' does not exist on type 'never'.
../../packages/core/features/background-check/components/CheckStatusCard.tsx(39,41): error TS2339: Property 'metadata' does not exist on type 'never'.
../../packages/core/features/background-check/components/CheckStatusCard.tsx(40,46): error TS2339: Property 'metadata' does not exist on type 'never'.
../../packages/core/features/background-check/components/CheckStatusCard.tsx(41,26): error TS2339: Property 'metadata' does not exist on type 'never'.
../../packages/core/features/background-check/components/CheckStatusCard.tsx(45,13): error TS2339: Property 'metadata' does not exist on type 'never'.
../../packages/core/features/background-check/components/CheckStatusCard.tsx(48,11): error TS2339: Property 'package' does not exist on type 'never'.
../../packages/core/features/background-check/components/CheckStatusCard.tsx(49,11): error TS2339: Property 'package' does not exist on type 'never'.
../../packages/core/features/background-check/components/CheckStatusCard.tsx(52,45): error TS2345: Argument of type 'any' is not assignable to parameter of type 'never'.
../../packages/core/features/background-check/components/CheckStatusCard.tsx(52,51): error TS2339: Property 'status' does not exist on type 'never'.
../../packages/core/features/background-check/components/CheckStatusCard.tsx(52,65): error TS2339: Property 'expires_at' does not exist on type 'never'.
../../packages/core/features/background-check/components/CheckStatusCard.tsx(63,41): error TS2339: Property 'created_at' does not exist on type 'never'.
../../packages/core/features/background-check/components/CheckStatusCard.tsx(84,29): error TS2339: Property 'label' does not exist on type 'never'.
../../packages/core/features/background-check/components/CheckStatusCard.tsx(87,20): error TS2339: Property 'expires_at' does not exist on type 'never'.
../../packages/core/features/background-check/components/CheckStatusCard.tsx(92,51): error TS2339: Property 'expires_at' does not exist on type 'never'.
../../packages/core/features/background-check/components/CheckStatusCard.tsx(93,51): error TS2339: Property 'expires_at' does not exist on type 'never'.
../../packages/core/features/background-check/components/CheckStatusCard.tsx(117,25): error TS2339: Property 'description' does not exist on type 'never'.
../../packages/core/features/background-check/components/CheckStatusDashboard.tsx(30,44): error TS2339: Property 'listChecks' does not exist on type 'never'.
../../packages/core/features/background-check/components/CheckStatusDashboard.tsx(38,75): error TS2339: Property 'id' does not exist on type 'never'.
../../packages/core/features/background-check/components/CheckStatusDashboard.tsx(48,42): error TS2345: Argument of type 'any' is not assignable to parameter of type 'never'.
../../packages/core/features/background-check/components/CheckStatusDashboard.tsx(48,48): error TS2339: Property 'status' does not exist on type 'never'.
../../packages/core/features/background-check/components/CheckStatusDashboard.tsx(61,60): error TS2345: Argument of type 'any' is not assignable to parameter of type 'never'.
../../packages/core/features/background-check/components/CheckStatusDashboard.tsx(61,66): error TS2339: Property 'status' does not exist on type 'never'.
../../packages/core/features/background-check/components/CheckStatusDashboard.tsx(70,30): error TS2339: Property 'id' does not exist on type 'never'.
../../packages/core/features/background-check/components/CheckStatusDashboard.tsx(74,30): error TS2339: Property 'id' does not exist on type 'never'.
../../packages/core/features/background-check/components/CheckStatusDashboard.tsx(83,103): error TS2339: Property 'id' does not exist on type 'never'.
../../packages/core/features/background-check/components/CheckStatusDashboard.tsx(183,26): error TS2339: Property 'id' does not exist on type 'never'.
../../packages/core/features/background-check/components/CheckStatusDashboard.tsx(188,34): error TS2345: Argument of type 'any' is not assignable to parameter of type 'never'.
../../packages/core/features/background-check/components/CheckStatusDashboard.tsx(188,40): error TS2339: Property 'status' does not exist on type 'never'.
../../packages/core/features/background-check/components/CheckStatusDashboard.tsx(225,83): error TS2339: Property 'id' does not exist on type 'never'.
../../packages/core/features/background-check/components/CheckStatusDashboard.tsx(227,45): error TS2345: Argument of type 'any' is not assignable to parameter of type 'never'.
../../packages/core/features/background-check/components/DisputeBackgroundCheckContent.tsx(13,41): error TS2344: Type 'CreateRouterInner<RootConfig<{ ctx: Context; meta: object; errorShape: DefaultErrorShape; transformer: DefaultDataTransformer; }>, { ...; }>' does not satisfy the constraint 'AnyRouter'.
  Types of property '_def' are incompatible.
    Property 'lazy' is missing in type 'RouterDef<RootConfig<{ ctx: Context; meta: object; errorShape: DefaultErrorShape; transformer: DefaultDataTransformer; }>, { ...; }, { ...; }>' but required in type 'RouterDef<any, any>'.
../../packages/core/features/background-check/components/DisputeBackgroundCheckContent.tsx(48,21): error TS2339: Property 'id' does not exist on type 'never'.
../../packages/core/features/background-check/components/DisputeBackgroundCheckContent.tsx(49,41): error TS2339: Property 'id' does not exist on type 'never'.
../../packages/core/features/background-check/components/DisputeBackgroundCheckContent.tsx(54,36): error TS2339: Property 'status' does not exist on type 'never'.
../../packages/core/features/background-check/components/DisputeBackgroundCheckContent.tsx(72,12): error TS2339: Property 'package' does not exist on type 'never'.
../../packages/core/features/background-check/components/DisputeBackgroundCheckContent.tsx(72,44): error TS2339: Property 'package' does not exist on type 'never'.
../../packages/core/features/background-check/components/DisputeBackgroundCheckContent.tsx(103,30): error TS2339: Property 'label' does not exist on type 'never'.
../../packages/core/features/background-check/components/DisputeBackgroundCheckContent.tsx(113,44): error TS2339: Property 'completed_at' does not exist on type 'never'.
../../packages/core/features/background-check/components/DisputeBackgroundCheckContent.tsx(116,42): error TS2339: Property 'expires_at' does not exist on type 'never'.
../../packages/core/features/background-check/components/DisputeBackgroundCheckDialog.tsx(12,41): error TS2344: Type 'CreateRouterInner<RootConfig<{ ctx: Context; meta: object; errorShape: DefaultErrorShape; transformer: DefaultDataTransformer; }>, { ...; }>' does not satisfy the constraint 'AnyRouter'.
  Types of property '_def' are incompatible.
    Property 'lazy' is missing in type 'RouterDef<RootConfig<{ ctx: Context; meta: object; errorShape: DefaultErrorShape; transformer: DefaultDataTransformer; }>, { ...; }, { ...; }>' but required in type 'RouterDef<any, any>'.
../../packages/core/features/background-check/components/DisputeBackgroundCheckDialog.tsx(45,21): error TS2339: Property 'id' does not exist on type 'never'.
../../packages/core/features/background-check/components/DisputeBackgroundCheckDialog.tsx(51,36): error TS2339: Property 'status' does not exist on type 'never'.
../../packages/core/features/background-check/components/DisputeBackgroundCheckDialog.tsx(69,12): error TS2339: Property 'package' does not exist on type 'never'.
../../packages/core/features/background-check/components/DisputeBackgroundCheckDialog.tsx(69,44): error TS2339: Property 'package' does not exist on type 'never'.
../../packages/core/features/background-check/components/DisputeBackgroundCheckDialog.tsx(107,34): error TS2339: Property 'label' does not exist on type 'never'.
../../packages/core/features/background-check/components/DisputeBackgroundCheckDialog.tsx(117,48): error TS2339: Property 'completed_at' does not exist on type 'never'.
../../packages/core/features/background-check/components/DisputeBackgroundCheckDialog.tsx(120,46): error TS2339: Property 'expires_at' does not exist on type 'never'.
../../packages/core/features/background-check/components/DisputeStatusTracker.tsx(68,21): error TS2339: Property 'replace' does not exist on type 'never'.
../../packages/core/features/background-check/components/DisputeStatusTracker.tsx(85,30): error TS2339: Property 'status' does not exist on type 'never'.
../../packages/core/features/background-check/components/DisputeStatusTracker.tsx(85,62): error TS2339: Property 'status' does not exist on type 'never'.
../../packages/core/features/background-check/components/DisputeStatusTracker.tsx(114,40): error TS2345: Argument of type 'any' is not assignable to parameter of type 'never'.
../../packages/core/features/background-check/components/DisputeStatusTracker.tsx(114,54): error TS2339: Property 'status' does not exist on type 'never'.
../../packages/core/features/background-check/components/DisputeStatusTracker.tsx(149,43): error TS2339: Property 'created_at' does not exist on type 'never'.
../../packages/core/features/background-check/components/DisputeStatusTracker.tsx(150,26): error TS2339: Property 'resolved_at' does not exist on type 'never'.
../../packages/core/features/background-check/components/DisputeStatusTracker.tsx(150,80): error TS2339: Property 'resolved_at' does not exist on type 'never'.
../../packages/core/features/background-check/components/DisputeStatusTracker.tsx(153,34): error TS2339: Property 'dispute_reason' does not exist on type 'never'.
../../packages/core/features/background-check/components/DisputeStatusTracker.tsx(172,44): error TS2345: Argument of type 'any' is not assignable to parameter of type 'never'.
../../packages/core/features/background-check/components/DisputeStatusTracker.tsx(172,52): error TS2339: Property 'status' does not exist on type 'never'.
../../packages/core/features/background-check/components/DisputeStatusTracker.tsx(176,30): error TS2339: Property 'id' does not exist on type 'never'.
../../packages/core/features/background-check/components/DisputeStatusTracker.tsx(190,41): error TS2339: Property 'created_at' does not exist on type 'never'.
../../packages/core/features/background-check/components/DisputeStatusTracker.tsx(191,30): error TS2339: Property 'resolved_at' does not exist on type 'never'.
../../packages/core/features/background-check/components/DisputeStatusTracker.tsx(191,69): error TS2339: Property 'resolved_at' does not exist on type 'never'.
../../packages/core/features/background-check/components/DisputeStatusTracker.tsx(195,36): error TS2339: Property 'dispute_reason' does not exist on type 'never'.
../../packages/core/features/background-check/components/DisputeStatusTracker.tsx(198,28): error TS2339: Property 'dispute_details' does not exist on type 'never'.
../../packages/core/features/background-check/components/DisputeStatusTracker.tsx(200,26): error TS2339: Property 'resolution' does not exist on type 'never'.
../../packages/core/features/background-check/components/DisputeStatusTracker.tsx(202,42): error TS2339: Property 'resolution' does not exist on type 'never'.
../../packages/core/features/background-check/components/DisputeStatusTracker.tsx(203,30): error TS2339: Property 'resolution_notes' does not exist on type 'never'.
../../packages/core/features/background-check/components/DisputeStatusTracker.tsx(203,63): error TS2339: Property 'resolution_notes' does not exist on type 'never'.
../../packages/core/features/background-check/components/PackageSelectionStep.tsx(6,41): error TS2344: Type 'CreateRouterInner<RootConfig<{ ctx: Context; meta: object; errorShape: DefaultErrorShape; transformer: DefaultDataTransformer; }>, { ...; }>' does not satisfy the constraint 'AnyRouter'.
  Types of property '_def' are incompatible.
    Property 'lazy' is missing in type 'RouterDef<RootConfig<{ ctx: Context; meta: object; errorShape: DefaultErrorShape; transformer: DefaultDataTransformer; }>, { ...; }, { ...; }>' but required in type 'RouterDef<any, any>'.
../../packages/core/features/background-check/components/PackageSelectionStep.tsx(48,16): error TS2339: Property 'display_name' does not exist on type 'never'.
../../packages/core/features/background-check/components/PackageSelectionStep.tsx(51,16): error TS2339: Property 'description' does not exist on type 'never'.
../../packages/core/features/background-check/components/PackageSelectionStep.tsx(55,33): error TS2339: Property 'retail_cost_cents' does not exist on type 'never'.
../../packages/core/features/background-check/components/PackageSelectionStep.tsx(58,48): error TS2339: Property 'platform_cost_cents' does not exist on type 'never'.
../../packages/core/features/background-check/components/PackageSelectionStep.tsx(65,16): error TS2339: Property 'components' does not exist on type 'never'.
../../packages/core/features/background-check/components/PackageSelectionStep.tsx(66,17): error TS2339: Property 'components' does not exist on type 'never'.
../../packages/core/features/background-check/components/PackageSelectionStep.tsx(67,36): error TS2339: Property 'id' does not exist on type 'never'.
../../packages/core/features/background-check/components/PackageSelectionStep.tsx(68,30): error TS2339: Property 'display_name' does not exist on type 'never'.
../../packages/core/features/background-check/components/PackageSelectionStep.tsx(117,24): error TS2339: Property 'id' does not exist on type 'never'.
../../packages/core/features/background-check/components/PackageSelectionStep.tsx(119,31): error TS2339: Property 'id' does not exist on type 'never'.
../../packages/core/features/background-check/components/PackageSelectionStep.tsx(120,44): error TS2339: Property 'id' does not exist on type 'never'.
../../packages/core/features/background-check/components/PaymentStep.tsx(47,25): error TS2322: Type 'string' is not assignable to type 'undefined'.
../../packages/core/features/background-check/components/PrivacyControls.tsx(59,54): error TS2339: Property 'updatePrivacy' does not exist on type 'never'.
../../packages/core/features/background-check/components/ResultsViewer.tsx(31,46): error TS2339: Property 'getCheck' does not exist on type 'never'.
../../packages/core/features/background-check/components/ResultsViewer.tsx(94,40): error TS2345: Argument of type 'any' is not assignable to parameter of type 'never'.
../../packages/core/features/background-check/components/ResultsViewer.tsx(95,55): error TS2339: Property 'tone' does not exist on type 'never'.
../../packages/core/features/background-check/components/ResultsViewer.tsx(124,23): error TS2339: Property 'package' does not exist on type 'never'.
../../packages/core/features/background-check/components/ResultsViewer.tsx(136,29): error TS2339: Property 'label' does not exist on type 'never'.
../../packages/core/features/background-check/components/ResultsViewer.tsx(150,9): error TS2322: Type 'any' is not assignable to type 'never'.
../../packages/core/features/background-check/components/ResultsViewer.tsx(151,9): error TS2322: Type 'any' is not assignable to type 'never'.
../../packages/core/features/background-check/components/ResultsViewer.tsx(165,37): error TS2339: Property 'status' does not exist on type 'never'.
../../packages/core/features/background-check/components/ResultsViewer.tsx(245,31): error TS2339: Property 'id' does not exist on type 'never'.
../../packages/core/features/background-check/components/ResultsViewer.tsx(256,31): error TS2339: Property 'file_name' does not exist on type 'never'.
../../packages/core/features/background-check/components/ResultsViewer.tsx(259,51): error TS2339: Property 'uploaded_at' does not exist on type 'never'.
../../packages/core/features/background-check/components/status.utils.ts(4,41): error TS2344: Type 'CreateRouterInner<RootConfig<{ ctx: Context; meta: object; errorShape: DefaultErrorShape; transformer: DefaultDataTransformer; }>, { ...; }>' does not satisfy the constraint 'AnyRouter'.
  Types of property '_def' are incompatible.
    Property 'lazy' is missing in type 'RouterDef<RootConfig<{ ctx: Context; meta: object; errorShape: DefaultErrorShape; transformer: DefaultDataTransformer; }>, { ...; }, { ...; }>' but required in type 'RouterDef<any, any>'.
../../packages/core/features/background-check/components/status.utils.ts(16,3): error TS2322: Type '"pending"' is not assignable to type 'never'.
../../packages/core/features/background-check/components/status.utils.ts(17,3): error TS2322: Type '"invited"' is not assignable to type 'never'.
../../packages/core/features/background-check/components/status.utils.ts(18,3): error TS2322: Type '"submitted"' is not assignable to type 'never'.
../../packages/core/features/background-check/components/status.utils.ts(19,3): error TS2322: Type '"in_progress"' is not assignable to type 'never'.
../../packages/core/features/background-check/components/status.utils.ts(20,3): error TS2322: Type '"under_review"' is not assignable to type 'never'.
../../packages/core/features/background-check/components/status.utils.ts(21,3): error TS2322: Type '"partially_completed"' is not assignable to type 'never'.
../../packages/core/features/background-check/components/status.utils.ts(22,3): error TS2322: Type '"disputed"' is not assignable to type 'never'.
../../packages/core/features/background-check/components/status.utils.ts(23,3): error TS2322: Type '"completed_clear"' is not assignable to type 'never'.
../../packages/core/features/background-check/components/status.utils.ts(24,3): error TS2322: Type '"completed_consider"' is not assignable to type 'never'.
../../packages/core/features/background-check/components/status.utils.ts(25,3): error TS2322: Type '"completed_not_clear"' is not assignable to type 'never'.
../../packages/core/features/background-check/components/status.utils.ts(26,3): error TS2322: Type '"failed"' is not assignable to type 'never'.
../../packages/core/features/background-check/components/status.utils.ts(27,3): error TS2322: Type '"cancelled"' is not assignable to type 'never'.
../../packages/core/features/background-check/components/status.utils.ts(28,3): error TS2322: Type '"expired"' is not assignable to type 'never'.
../../packages/core/features/background-check/components/status.utils.ts(29,3): error TS2322: Type '"refunded"' is not assignable to type 'never'.
../../packages/core/features/background-check/components/status.utils.ts(32,56): error TS2769: No overload matches this call.
  Overload 1 of 2, '(iterable?: Iterable<never> | null | undefined): Set<never>', gave the following error.
    Argument of type 'string[]' is not assignable to parameter of type 'Iterable<never>'.
      The types returned by '[Symbol.iterator]().next(...)' are incompatible between these types.
        Type 'IteratorResult<string, undefined>' is not assignable to type 'IteratorResult<never, any>'.
          Type 'IteratorYieldResult<string>' is not assignable to type 'IteratorResult<never, any>'.
            Type 'IteratorYieldResult<string>' is not assignable to type 'IteratorYieldResult<never>'.
              Type 'string' is not assignable to type 'never'.
../../packages/core/features/background-check/components/status.utils.ts(42,59): error TS2769: No overload matches this call.
  Overload 1 of 2, '(iterable?: Iterable<never> | null | undefined): Set<never>', gave the following error.
    Argument of type 'string[]' is not assignable to parameter of type 'Iterable<never>'.
      The types returned by '[Symbol.iterator]().next(...)' are incompatible between these types.
        Type 'IteratorResult<string, undefined>' is not assignable to type 'IteratorResult<never, any>'.
          Type 'IteratorYieldResult<string>' is not assignable to type 'IteratorResult<never, any>'.
            Type 'IteratorYieldResult<string>' is not assignable to type 'IteratorYieldResult<never>'.
              Type 'string' is not assignable to type 'never'.
../../packages/core/features/background-check/components/status.utils.ts(51,30): error TS2769: No overload matches this call.
  Overload 1 of 2, '(iterable?: Iterable<never> | null | undefined): Set<never>', gave the following error.
    Argument of type 'string[]' is not assignable to parameter of type 'Iterable<never>'.
      The types returned by '[Symbol.iterator]().next(...)' are incompatible between these types.
        Type 'IteratorResult<string, undefined>' is not assignable to type 'IteratorResult<never, any>'.
          Type 'IteratorYieldResult<string>' is not assignable to type 'IteratorResult<never, any>'.
            Type 'IteratorYieldResult<string>' is not assignable to type 'IteratorYieldResult<never>'.
              Type 'string' is not assignable to type 'never'.
  Overload 2 of 2, '(values?: readonly never[] | null | undefined): Set<never>', gave the following error.
    Type 'string' is not assignable to type 'never'.
../../packages/core/features/background-check/components/status.utils.ts(53,66): error TS2769: No overload matches this call.
  Overload 1 of 2, '(iterable?: Iterable<never> | null | undefined): Set<never>', gave the following error.
    Argument of type 'string[]' is not assignable to parameter of type 'Iterable<never>'.
      The types returned by '[Symbol.iterator]().next(...)' are incompatible between these types.
        Type 'IteratorResult<string, undefined>' is not assignable to type 'IteratorResult<never, any>'.
          Type 'IteratorYieldResult<string>' is not assignable to type 'IteratorResult<never, any>'.
            Type 'IteratorYieldResult<string>' is not assignable to type 'IteratorYieldResult<never>'.
              Type 'string' is not assignable to type 'never'.
../../packages/core/features/background-check/components/status.utils.ts(156,68): error TS2769: No overload matches this call.
  Overload 1 of 2, '(iterable?: Iterable<never> | null | undefined): Set<never>', gave the following error.
    Argument of type 'string[]' is not assignable to parameter of type 'Iterable<never>'.
      The types returned by '[Symbol.iterator]().next(...)' are incompatible between these types.
        Type 'IteratorResult<string, undefined>' is not assignable to type 'IteratorResult<never, any>'.
          Type 'IteratorYieldResult<string>' is not assignable to type 'IteratorResult<never, any>'.
            Type 'IteratorYieldResult<string>' is not assignable to type 'IteratorYieldResult<never>'.
              Type 'string' is not assignable to type 'never'.
../../packages/core/features/background-check/components/status.utils.ts(170,21): error TS2339: Property 'replace' does not exist on type 'never'.
../../packages/core/features/background-check/hooks/useBackgroundCheckForm.ts(6,39): error TS2344: Type 'CreateRouterInner<RootConfig<{ ctx: Context; meta: object; errorShape: DefaultErrorShape; transformer: DefaultDataTransformer; }>, { ...; }>' does not satisfy the constraint 'AnyRouter'.
  Types of property '_def' are incompatible.
    Property 'lazy' is missing in type 'RouterDef<RootConfig<{ ctx: Context; meta: object; errorShape: DefaultErrorShape; transformer: DefaultDataTransformer; }>, { ...; }, { ...; }>' but required in type 'RouterDef<any, any>'.
../../packages/core/features/background-check/hooks/useBackgroundCheckForm.ts(7,41): error TS2344: Type 'CreateRouterInner<RootConfig<{ ctx: Context; meta: object; errorShape: DefaultErrorShape; transformer: DefaultDataTransformer; }>, { ...; }>' does not satisfy the constraint 'AnyRouter'.
  Types of property '_def' are incompatible.
    Property 'lazy' is missing in type 'RouterDef<RootConfig<{ ctx: Context; meta: object; errorShape: DefaultErrorShape; transformer: DefaultDataTransformer; }>, { ...; }, { ...; }>' but required in type 'RouterDef<any, any>'.
../../packages/core/features/background-check/hooks/useBackgroundCheckForm.ts(82,3): error TS2322: Type '{ consent_signature: string; consent_given_at: string; consent_ip_address: string | undefined; consent_user_agent: string | undefined; disclosure_provided_at: string; summary_of_rights_provided_at: string; }' is not assignable to type 'undefined'.
../../packages/core/features/background-check/hooks/useBackgroundCheckForm.ts(106,7): error TS2322: Type 'string' is not assignable to type 'never'.
../../packages/core/features/background-check/hooks/useBackgroundCheckForm.ts(116,46): error TS2339: Property 'listPackages' does not exist on type 'never'.
../../packages/core/features/background-check/hooks/useBackgroundCheckForm.ts(120,53): error TS2339: Property 'requestCheck' does not exist on type 'never'.
../../packages/core/features/background-check/hooks/useBackgroundCheckForm.ts(121,55): error TS2339: Property 'confirmCheckPayment' does not exist on type 'never'.
../../packages/core/features/background-check/hooks/useBackgroundCheckForm.ts(123,56): error TS2339: Property 'createUploadUrl' does not exist on type 'never'.
../../packages/core/features/background-check/hooks/useBackgroundCheckForm.ts(125,60): error TS2339: Property 'addDocumentMetadata' does not exist on type 'never'.
../../packages/core/features/background-check/hooks/useBackgroundCheckForm.ts(132,44): error TS2339: Property 'id' does not exist on type 'never'.
../../packages/core/features/background-check/hooks/useBackgroundCheckForm.ts(244,30): error TS2339: Property 'storage_path' does not exist on type 'never'.
../../packages/core/features/background-check/hooks/useBackgroundCheckForm.ts(245,31): error TS2339: Property 'document_type' does not exist on type 'never'.
../../packages/core/features/background-check/hooks/useBackgroundCheckForm.ts(246,27): error TS2339: Property 'file_name' does not exist on type 'never'.
../../packages/core/features/background-check/hooks/useBackgroundCheckForm.ts(247,27): error TS2339: Property 'mime_type' does not exist on type 'never'.
../../packages/core/features/background-check/hooks/useBackgroundCheckForm.ts(248,27): error TS2339: Property 'file_size' does not exist on type 'never'.
../../packages/core/features/background-check/hooks/useDispute.ts(24,41): error TS2344: Type 'CreateRouterInner<RootConfig<{ ctx: Context; meta: object; errorShape: DefaultErrorShape; transformer: DefaultDataTransformer; }>, { ...; }>' does not satisfy the constraint 'AnyRouter'.
  Types of property '_def' are incompatible.
    Property 'lazy' is missing in type 'RouterDef<RootConfig<{ ctx: Context; meta: object; errorShape: DefaultErrorShape; transformer: DefaultDataTransformer; }>, { ...; }, { ...; }>' but required in type 'RouterDef<any, any>'.
../../packages/core/features/background-check/hooks/useDispute.ts(171,45): error TS2339: Property 'listDisputesForCheck' does not exist on type 'never'.
../../packages/core/features/background-check/hooks/useDispute.ts(179,56): error TS2339: Property 'createUploadUrl' does not exist on type 'never'.
../../packages/core/features/background-check/hooks/useDispute.ts(181,54): error TS2339: Property 'submitDispute' does not exist on type 'never'.
../../packages/core/features/background-check/hooks/useDispute.ts(207,19): error TS2339: Property 'status' does not exist on type 'never'.
../../packages/core/features/background-check/hooks/useDispute.ts(207,51): error TS2339: Property 'status' does not exist on type 'never'.
../../packages/core/features/background-check/hooks/useDispute.ts(432,34): error TS2339: Property 'listChecks' does not exist on type 'never'.
../../packages/core/features/background-check/hooks/useDispute.ts(433,34): error TS2339: Property 'getCheck' does not exist on type 'never'.
../../packages/core/features/background-check/hooks/useDispute.ts(436,34): error TS2339: Property 'listDisputesForCheck' does not exist on type 'never'.
../../packages/core/features/background-check/hooks/useDispute.ts(468,28): error TS2339: Property 'getCheck' does not exist on type 'never'.
../../packages/core/features/background-check/hooks/useDispute.ts(469,28): error TS2339: Property 'listChecks' does not exist on type 'never'.
../../packages/core/features/background-check/hooks/useDispute.ts(470,28): error TS2339: Property 'listDisputesForCheck' does not exist on type 'never'.
../../packages/core/features/background-check/organization/OrganizationBackgroundCheckRequestForm.tsx(15,41): error TS2344: Type 'CreateRouterInner<RootConfig<{ ctx: Context; meta: object; errorShape: DefaultErrorShape; transformer: DefaultDataTransformer; }>, { ...; }>' does not satisfy the constraint 'AnyRouter'.
  Types of property '_def' are incompatible.
    Property 'lazy' is missing in type 'RouterDef<RootConfig<{ ctx: Context; meta: object; errorShape: DefaultErrorShape; transformer: DefaultDataTransformer; }>, { ...; }, { ...; }>' but required in type 'RouterDef<any, any>'.
../../packages/core/features/background-check/organization/OrganizationBackgroundCheckRequestForm.tsx(36,13): error TS2339: Property 'metadata' does not exist on type 'never'.
../../packages/core/features/background-check/organization/OrganizationBackgroundCheckRequestForm.tsx(36,36): error TS2339: Property 'metadata' does not exist on type 'never'.
../../packages/core/features/background-check/organization/OrganizationBackgroundCheckRequestForm.tsx(39,26): error TS2339: Property 'metadata' does not exist on type 'never'.
../../packages/core/features/background-check/organization/OrganizationBackgroundCheckRequestForm.tsx(71,42): error TS2339: Property 'id' does not exist on type 'never'.
../../packages/core/features/background-check/organization/OrganizationBackgroundCheckRequestForm.tsx(76,26): error TS2339: Property 'listPackages' does not exist on type 'never'.
../../packages/core/features/background-check/organization/OrganizationBackgroundCheckRequestForm.tsx(81,36): error TS2339: Property 'getWorkers' does not exist on type 'never'.
../../packages/core/features/background-check/organization/OrganizationBackgroundCheckRequestForm.tsx(92,32): error TS2339: Property 'listJobs' does not exist on type 'never'.
../../packages/core/features/background-check/organization/OrganizationBackgroundCheckRequestForm.tsx(106,55): error TS2339: Property 'requestCheck' does not exist on type 'never'.
../../packages/core/features/background-check/organization/OrganizationBackgroundCheckRequestForm.tsx(107,55): error TS2339: Property 'confirmCheckPayment' does not exist on type 'never'.
../../packages/core/features/background-check/organization/OrganizationBackgroundCheckRequestForm.tsx(111,39): error TS2339: Property 'id' does not exist on type 'never'.
../../packages/core/features/background-check/organization/OrganizationBackgroundCheckRequestForm.tsx(116,44): error TS2339: Property 'id' does not exist on type 'never'.
../../packages/core/features/background-check/organization/OrganizationBackgroundCheckRequestForm.tsx(121,35): error TS2339: Property 'id' does not exist on type 'never'.
../../packages/core/features/background-check/organization/OrganizationBackgroundCheckRequestForm.tsx(132,38): error TS2339: Property 'retail_cost_cents' does not exist on type 'never'.
../../packages/core/features/background-check/organization/OrganizationBackgroundCheckRequestForm.tsx(132,76): error TS2339: Property 'platform_cost_cents' does not exist on type 'never'.
../../packages/core/features/background-check/organization/OrganizationBackgroundCheckRequestForm.tsx(149,38): error TS2339: Property 'organizationListChecks' does not exist on type 'never'.
../../packages/core/features/background-check/organization/OrganizationBackgroundCheckRequestForm.tsx(188,37): error TS2339: Property 'id' does not exist on type 'never'.
../../packages/core/features/background-check/organization/OrganizationBackgroundCheckRequestForm.tsx(191,28): error TS2339: Property 'slug' does not exist on type 'never'.
../../packages/core/features/background-check/organization/OrganizationBackgroundCheckRequestForm.tsx(192,28): error TS2339: Property 'display_name' does not exist on type 'never'.
../../packages/core/features/background-check/organization/OrganizationBackgroundCheckRequestForm.tsx(263,54): error TS2339: Property 'id' does not exist on type 'never'.
../../packages/core/features/background-check/organization/OrganizationBackgroundCheckRequestForm.tsx(263,78): error TS2339: Property 'name' does not exist on type 'never'.
../../packages/core/features/background-check/organization/OrganizationBackgroundCheckRequestForm.tsx(269,28): error TS2339: Property 'id' does not exist on type 'never'.
../../packages/core/features/background-check/organization/OrganizationBackgroundCheckRequestForm.tsx(270,29): error TS2339: Property 'name' does not exist on type 'never'.
../../packages/core/features/background-check/organization/OrganizationBackgroundCheckRequestForm.tsx(282,40): error TS2339: Property 'display_name' does not exist on type 'never'.
../../packages/core/features/background-check/organization/OrganizationBackgroundCheckRequestForm.tsx(282,88): error TS2339: Property 'retail_cost_cents' does not exist on type 'never'.
../../packages/core/features/background-check/organization/OrganizationBackgroundCheckRequestForm.tsx(287,28): error TS2339: Property 'id' does not exist on type 'never'.
../../packages/core/features/background-check/organization/OrganizationBackgroundCheckRequestForm.tsx(288,31): error TS2339: Property 'display_name' does not exist on type 'never'.
../../packages/core/features/background-check/organization/OrganizationBackgroundCheckRequestForm.tsx(288,68): error TS2339: Property 'retail_cost_cents' does not exist on type 'never'.
../../packages/core/features/background-check/organization/OrganizationBackgroundCheckRequestForm.tsx(291,31): error TS2339: Property 'description' does not exist on type 'never'.
../../packages/core/features/background-check/organization/OrganizationBackgroundCheckRequestForm.tsx(293,34): error TS2339: Property 'description' does not exist on type 'never'.
../../packages/core/features/background-check/organization/OrganizationBackgroundCheckRequestForm.tsx(312,37): error TS2339: Property 'name' does not exist on type 'never'.
../../packages/core/features/background-check/organization/OrganizationBackgroundCheckRequestForm.tsx(313,39): error TS2339: Property 'first_name' does not exist on type 'never'.
../../packages/core/features/background-check/organization/OrganizationBackgroundCheckRequestForm.tsx(313,74): error TS2339: Property 'last_name' does not exist on type 'never'.
../../packages/core/features/background-check/organization/OrganizationBackgroundCheckRequestForm.tsx(323,50): error TS2339: Property 'first_name' does not exist on type 'never'.
../../packages/core/features/background-check/organization/OrganizationBackgroundCheckRequestForm.tsx(323,77): error TS2339: Property 'last_name' does not exist on type 'never'.
../../packages/core/features/background-check/organization/OrganizationBackgroundCheckRequestForm.tsx(325,32): error TS2339: Property 'name' does not exist on type 'never'.
../../packages/core/features/background-check/organization/OrganizationBackgroundCheckRequestForm.tsx(325,81): error TS2339: Property 'id' does not exist on type 'never'.
../../packages/core/features/background-check/organization/OrganizationBackgroundCheckRequestForm.tsx(327,39): error TS2339: Property 'id' does not exist on type 'never'.
../../packages/core/features/background-check/organization/OrganizationBackgroundCheckRequestForm.tsx(342,34): error TS2339: Property 'title' does not exist on type 'never'.
../../packages/core/features/background-check/organization/OrganizationBackgroundCheckRequestForm.tsx(342,62): error TS2339: Property 'id' does not exist on type 'never'.
../../packages/core/features/background-check/organization/OrganizationBackgroundCheckRequestForm.tsx(349,30): error TS2339: Property 'id' does not exist on type 'never'.
../../packages/core/features/background-check/organization/OrganizationBackgroundCheckRequestForm.tsx(350,31): error TS2339: Property 'title' does not exist on type 'never'.
../../packages/core/features/background-check/organization/OrganizationBackgroundCheckRequestForm.tsx(400,70): error TS2339: Property 'name' does not exist on type 'never'.
../../packages/core/features/background-check/organization/OrganizationBackgroundChecksPage.tsx(17,41): error TS2344: Type 'CreateRouterInner<RootConfig<{ ctx: Context; meta: object; errorShape: DefaultErrorShape; transformer: DefaultDataTransformer; }>, { ...; }>' does not satisfy the constraint 'AnyRouter'.
  Types of property '_def' are incompatible.
    Property 'lazy' is missing in type 'RouterDef<RootConfig<{ ctx: Context; meta: object; errorShape: DefaultErrorShape; transformer: DefaultDataTransformer; }>, { ...; }, { ...; }>' but required in type 'RouterDef<any, any>'.
../../packages/core/features/background-check/organization/OrganizationBackgroundChecksPage.tsx(45,29): error TS2339: Property 'worker' does not exist on type 'never'.
../../packages/core/features/background-check/organization/OrganizationBackgroundChecksPage.tsx(47,26): error TS2339: Property 'worker' does not exist on type 'never'.
../../packages/core/features/background-check/organization/OrganizationBackgroundChecksPage.tsx(49,13): error TS2339: Property 'worker_user_id' does not exist on type 'never'.
../../packages/core/features/background-check/organization/OrganizationBackgroundChecksPage.tsx(50,26): error TS2339: Property 'worker_user_id' does not exist on type 'never'.
../../packages/core/features/background-check/organization/OrganizationBackgroundChecksPage.tsx(56,40): error TS2345: Argument of type 'any' is not assignable to parameter of type 'never'.
../../packages/core/features/background-check/organization/OrganizationBackgroundChecksPage.tsx(56,46): error TS2339: Property 'status' does not exist on type 'never'.
../../packages/core/features/background-check/organization/OrganizationBackgroundChecksPage.tsx(58,15): error TS2339: Property 'id' does not exist on type 'never'.
../../packages/core/features/background-check/organization/OrganizationBackgroundChecksPage.tsx(59,21): error TS2339: Property 'worker_user_id' does not exist on type 'never'.
../../packages/core/features/background-check/organization/OrganizationBackgroundChecksPage.tsx(61,24): error TS2339: Property 'worker' does not exist on type 'never'.
../../packages/core/features/background-check/organization/OrganizationBackgroundChecksPage.tsx(62,19): error TS2339: Property 'status' does not exist on type 'never'.
../../packages/core/features/background-check/organization/OrganizationBackgroundChecksPage.tsx(63,29): error TS2339: Property 'label' does not exist on type 'never'.
../../packages/core/features/background-check/organization/OrganizationBackgroundChecksPage.tsx(64,24): error TS2339: Property 'package' does not exist on type 'never'.
../../packages/core/features/background-check/organization/OrganizationBackgroundChecksPage.tsx(64,55): error TS2339: Property 'package' does not exist on type 'never'.
../../packages/core/features/background-check/organization/OrganizationBackgroundChecksPage.tsx(65,22): error TS2339: Property 'created_at' does not exist on type 'never'.
../../packages/core/features/background-check/organization/OrganizationBackgroundChecksPage.tsx(66,22): error TS2339: Property 'invited_at' does not exist on type 'never'.
../../packages/core/features/background-check/organization/OrganizationBackgroundChecksPage.tsx(67,24): error TS2339: Property 'completed_at' does not exist on type 'never'.
../../packages/core/features/background-check/organization/OrganizationBackgroundChecksPage.tsx(68,22): error TS2339: Property 'expires_at' does not exist on type 'never'.
../../packages/core/features/background-check/organization/OrganizationBackgroundChecksPage.tsx(69,21): error TS2339: Property 'job' does not exist on type 'never'.
../../packages/core/features/background-check/organization/OrganizationBackgroundChecksPage.tsx(88,50): error TS2339: Property 'id' does not exist on type 'never'.
../../packages/core/features/background-check/organization/OrganizationBackgroundChecksPage.tsx(92,44): error TS2339: Property 'organizationListChecks' does not exist on type 'never'.
../../packages/core/features/background-check/organization/OrganizationBackgroundChecksPage.tsx(239,52): error TS2339: Property 'id' does not exist on type 'never'.
../../packages/core/features/background-check/organization/OrganizationBackgroundChecksPage.tsx(239,84): error TS2339: Property 'name' does not exist on type 'never'.
../../packages/core/features/background-check/organization/OrganizationBackgroundChecksPage.tsx(245,26): error TS2339: Property 'id' does not exist on type 'never'.
../../packages/core/features/background-check/organization/OrganizationBackgroundChecksPage.tsx(246,27): error TS2339: Property 'name' does not exist on type 'never'.
../../packages/core/features/background-check/organization/OrganizationCheckDetails.tsx(9,41): error TS2344: Type 'CreateRouterInner<RootConfig<{ ctx: Context; meta: object; errorShape: DefaultErrorShape; transformer: DefaultDataTransformer; }>, { ...; }>' does not satisfy the constraint 'AnyRouter'.
  Types of property '_def' are incompatible.
    Property 'lazy' is missing in type 'RouterDef<RootConfig<{ ctx: Context; meta: object; errorShape: DefaultErrorShape; transformer: DefaultDataTransformer; }>, { ...; }, { ...; }>' but required in type 'RouterDef<any, any>'.
../../packages/core/features/background-check/organization/OrganizationCheckDetails.tsx(27,66): error TS2339: Property 'label' does not exist on type 'never'.
../../packages/core/features/background-check/organization/OrganizationCheckDetails.tsx(34,43): error TS2339: Property 'organizationGet' does not exist on type 'never'.
../../packages/core/features/background-check/organization/OrganizationCheckDetails.tsx(108,62): error TS2339: Property 'status' does not exist on type 'never'.
../../packages/core/features/background-check/organization/OrganizationCheckDetails.tsx(114,30): error TS2339: Property 'worker' does not exist on type 'never'.
../../packages/core/features/background-check/organization/OrganizationCheckDetails.tsx(115,29): error TS2339: Property 'worker' does not exist on type 'never'.
../../packages/core/features/background-check/organization/OrganizationCheckDetails.tsx(116,30): error TS2339: Property 'worker_user_id' does not exist on type 'never'.
../../packages/core/features/background-check/organization/OrganizationCheckDetails.tsx(117,41): error TS2339: Property 'worker_user_id' does not exist on type 'never'.
../../packages/core/features/background-check/organization/OrganizationCheckDetails.tsx(124,31): error TS2339: Property 'package' does not exist on type 'never'.
../../packages/core/features/background-check/organization/OrganizationCheckDetails.tsx(124,65): error TS2339: Property 'package' does not exist on type 'never'.
../../packages/core/features/background-check/organization/OrganizationCheckDetails.tsx(126,71): error TS2339: Property 'created_at' does not exist on type 'never'.
../../packages/core/features/background-check/organization/OrganizationCheckDetails.tsx(127,69): error TS2339: Property 'invited_at' does not exist on type 'never'.
../../packages/core/features/background-check/organization/OrganizationCheckDetails.tsx(130,70): error TS2339: Property 'completed_at' does not exist on type 'never'.
../../packages/core/features/background-check/organization/OrganizationCheckDetails.tsx(134,68): error TS2339: Property 'expires_at' does not exist on type 'never'.
../../packages/core/features/career-assessment/CareerAssessmentWidget.tsx(35,16): error TS2339: Property 'getCareerAssessmentStatus' does not exist on type 'never'.
../../packages/core/features/career-assessment/CareerAssessmentWidget.tsx(38,33): error TS2339: Property 'saveCareerAssessment' does not exist on type 'never'.
../../packages/core/features/career-assessment/components/OccupationSearch.tsx(42,45): error TS2339: Property 'trackEvent' does not exist on type 'never'.
../../packages/core/features/career-assessment/components/OccupationSearch.tsx(49,16): error TS2339: Property 'searchOccupations' does not exist on type 'never'.
../../packages/core/features/connections/components/ConnectionFollowButtons.tsx(37,47): error TS2339: Property 'sendRequest' does not exist on type 'never'.
../../packages/core/features/connections/components/ConnectionFollowButtons.tsx(39,31): error TS2339: Property 'getConnections' does not exist on type 'never'.
../../packages/core/features/connections/components/ConnectionFollowButtons.tsx(40,31): error TS2339: Property 'getPendingRequests' does not exist on type 'never'.
../../packages/core/features/connections/components/ConnectionFollowButtons.tsx(43,25): error TS2339: Property 'getConnections' does not exist on type 'never'.
../../packages/core/features/connections/components/ConnectionFollowButtons.tsx(44,25): error TS2339: Property 'getPendingRequests' does not exist on type 'never'.
../../packages/core/features/connections/components/ConnectionFollowButtons.tsx(56,49): error TS2339: Property 'acceptRequest' does not exist on type 'never'.
../../packages/core/features/connections/components/ConnectionFollowButtons.tsx(58,31): error TS2339: Property 'getConnections' does not exist on type 'never'.
../../packages/core/features/connections/components/ConnectionFollowButtons.tsx(59,31): error TS2339: Property 'getPendingRequests' does not exist on type 'never'.
../../packages/core/features/connections/components/ConnectionFollowButtons.tsx(62,25): error TS2339: Property 'getConnections' does not exist on type 'never'.
../../packages/core/features/connections/components/ConnectionFollowButtons.tsx(63,25): error TS2339: Property 'getPendingRequests' does not exist on type 'never'.
../../packages/core/features/connections/components/ConnectionFollowButtons.tsx(75,50): error TS2339: Property 'declineRequest' does not exist on type 'never'.
../../packages/core/features/connections/components/ConnectionFollowButtons.tsx(77,31): error TS2339: Property 'getPendingRequests' does not exist on type 'never'.
../../packages/core/features/connections/components/ConnectionFollowButtons.tsx(80,25): error TS2339: Property 'getPendingRequests' does not exist on type 'never'.
../../packages/core/features/connections/components/ConnectionFollowButtons.tsx(92,52): error TS2339: Property 'removeConnection' does not exist on type 'never'.
../../packages/core/features/connections/components/ConnectionFollowButtons.tsx(94,31): error TS2339: Property 'getConnections' does not exist on type 'never'.
../../packages/core/features/connections/components/ConnectionFollowButtons.tsx(97,25): error TS2339: Property 'getConnections' does not exist on type 'never'.
../../packages/core/features/connections/components/ConnectionFollowButtons.tsx(110,38): error TS2339: Property 'followUser' does not exist on type 'never'.
../../packages/core/features/connections/components/ConnectionFollowButtons.tsx(112,27): error TS2339: Property 'getFollowing' does not exist on type 'never'.
../../packages/core/features/connections/components/ConnectionFollowButtons.tsx(113,27): error TS2339: Property 'getFollowers' does not exist on type 'never'.
../../packages/core/features/connections/components/ConnectionFollowButtons.tsx(116,21): error TS2339: Property 'getFollowing' does not exist on type 'never'.
../../packages/core/features/connections/components/ConnectionFollowButtons.tsx(117,21): error TS2339: Property 'getFollowers' does not exist on type 'never'.
../../packages/core/features/connections/components/ConnectionFollowButtons.tsx(129,40): error TS2339: Property 'unfollowUser' does not exist on type 'never'.
../../packages/core/features/connections/components/ConnectionFollowButtons.tsx(131,27): error TS2339: Property 'getFollowing' does not exist on type 'never'.
../../packages/core/features/connections/components/ConnectionFollowButtons.tsx(132,27): error TS2339: Property 'getFollowers' does not exist on type 'never'.
../../packages/core/features/connections/components/ConnectionFollowButtons.tsx(135,21): error TS2339: Property 'getFollowing' does not exist on type 'never'.
../../packages/core/features/connections/components/ConnectionFollowButtons.tsx(136,21): error TS2339: Property 'getFollowers' does not exist on type 'never'.
../../packages/core/features/connections/components/ConnectionFollowButtonsInline.tsx(45,47): error TS2339: Property 'sendRequest' does not exist on type 'never'.
../../packages/core/features/connections/components/ConnectionFollowButtonsInline.tsx(47,31): error TS2339: Property 'getConnections' does not exist on type 'never'.
../../packages/core/features/connections/components/ConnectionFollowButtonsInline.tsx(48,31): error TS2339: Property 'getPendingRequests' does not exist on type 'never'.
../../packages/core/features/connections/components/ConnectionFollowButtonsInline.tsx(51,25): error TS2339: Property 'getConnections' does not exist on type 'never'.
../../packages/core/features/connections/components/ConnectionFollowButtonsInline.tsx(52,25): error TS2339: Property 'getPendingRequests' does not exist on type 'never'.
../../packages/core/features/connections/components/ConnectionFollowButtonsInline.tsx(64,49): error TS2339: Property 'acceptRequest' does not exist on type 'never'.
../../packages/core/features/connections/components/ConnectionFollowButtonsInline.tsx(66,31): error TS2339: Property 'getConnections' does not exist on type 'never'.
../../packages/core/features/connections/components/ConnectionFollowButtonsInline.tsx(67,31): error TS2339: Property 'getPendingRequests' does not exist on type 'never'.
../../packages/core/features/connections/components/ConnectionFollowButtonsInline.tsx(70,25): error TS2339: Property 'getConnections' does not exist on type 'never'.
../../packages/core/features/connections/components/ConnectionFollowButtonsInline.tsx(71,25): error TS2339: Property 'getPendingRequests' does not exist on type 'never'.
../../packages/core/features/connections/components/ConnectionFollowButtonsInline.tsx(83,50): error TS2339: Property 'declineRequest' does not exist on type 'never'.
../../packages/core/features/connections/components/ConnectionFollowButtonsInline.tsx(85,31): error TS2339: Property 'getPendingRequests' does not exist on type 'never'.
../../packages/core/features/connections/components/ConnectionFollowButtonsInline.tsx(88,25): error TS2339: Property 'getPendingRequests' does not exist on type 'never'.
../../packages/core/features/connections/components/ConnectionFollowButtonsInline.tsx(100,52): error TS2339: Property 'removeConnection' does not exist on type 'never'.
../../packages/core/features/connections/components/ConnectionFollowButtonsInline.tsx(102,31): error TS2339: Property 'getConnections' does not exist on type 'never'.
../../packages/core/features/connections/components/ConnectionFollowButtonsInline.tsx(105,25): error TS2339: Property 'getConnections' does not exist on type 'never'.
../../packages/core/features/connections/components/ConnectionFollowButtonsInline.tsx(118,38): error TS2339: Property 'followUser' does not exist on type 'never'.
../../packages/core/features/connections/components/ConnectionFollowButtonsInline.tsx(120,27): error TS2339: Property 'getFollowing' does not exist on type 'never'.
../../packages/core/features/connections/components/ConnectionFollowButtonsInline.tsx(121,27): error TS2339: Property 'getFollowers' does not exist on type 'never'.
../../packages/core/features/connections/components/ConnectionFollowButtonsInline.tsx(124,21): error TS2339: Property 'getFollowing' does not exist on type 'never'.
../../packages/core/features/connections/components/ConnectionFollowButtonsInline.tsx(125,21): error TS2339: Property 'getFollowers' does not exist on type 'never'.
../../packages/core/features/connections/components/ConnectionFollowButtonsInline.tsx(137,40): error TS2339: Property 'unfollowUser' does not exist on type 'never'.
../../packages/core/features/connections/components/ConnectionFollowButtonsInline.tsx(139,27): error TS2339: Property 'getFollowing' does not exist on type 'never'.
../../packages/core/features/connections/components/ConnectionFollowButtonsInline.tsx(140,27): error TS2339: Property 'getFollowers' does not exist on type 'never'.
../../packages/core/features/connections/components/ConnectionFollowButtonsInline.tsx(143,21): error TS2339: Property 'getFollowing' does not exist on type 'never'.
../../packages/core/features/connections/components/ConnectionFollowButtonsInline.tsx(144,21): error TS2339: Property 'getFollowers' does not exist on type 'never'.
../../packages/core/features/connections/components/ConnectionsList.tsx(10,37): error TS2339: Property 'getConnections' does not exist on type 'never'.
../../packages/core/features/connections/components/ConnectionsList.tsx(50,60): error TS2339: Property 'getConnections' does not exist on type 'never'.
../../packages/core/features/connections/components/ConnectionsList.tsx(52,52): error TS2339: Property 'removeConnection' does not exist on type 'never'.
../../packages/core/features/connections/components/ConnectionsList.tsx(54,25): error TS2339: Property 'getConnections' does not exist on type 'never'.
../../packages/core/features/connections/components/ConnectionsList.tsx(59,15): error TS7006: Parameter 'error' implicitly has an 'any' type.
../../packages/core/features/connections/components/FollowersList.tsx(21,59): error TS2339: Property 'getFollowers' does not exist on type 'never'.
../../packages/core/features/connections/components/FollowersList.tsx(27,54): error TS2339: Property 'getFollowers' does not exist on type 'never'.
../../packages/core/features/connections/components/FollowingList.tsx(23,59): error TS2339: Property 'getFollowing' does not exist on type 'never'.
../../packages/core/features/connections/components/FollowingList.tsx(31,54): error TS2339: Property 'getFollowing' does not exist on type 'never'.
../../packages/core/features/connections/components/FollowingList.tsx(33,40): error TS2339: Property 'unfollowUser' does not exist on type 'never'.
../../packages/core/features/connections/components/FollowingList.tsx(35,21): error TS2339: Property 'getFollowing' does not exist on type 'never'.
../../packages/core/features/connections/components/FollowingList.tsx(40,15): error TS7006: Parameter 'error' implicitly has an 'any' type.
../../packages/core/features/connections/components/PendingRequestsList.tsx(10,37): error TS2339: Property 'getPendingRequests' does not exist on type 'never'.
../../packages/core/features/connections/components/PendingRequestsList.tsx(50,64): error TS2339: Property 'getPendingRequests' does not exist on type 'never'.
../../packages/core/features/connections/components/PendingRequestsList.tsx(52,42): error TS2339: Property 'acceptRequest' does not exist on type 'never'.
../../packages/core/features/connections/components/PendingRequestsList.tsx(54,25): error TS2339: Property 'getPendingRequests' does not exist on type 'never'.
../../packages/core/features/connections/components/PendingRequestsList.tsx(55,25): error TS2339: Property 'getConnections' does not exist on type 'never'.
../../packages/core/features/connections/components/PendingRequestsList.tsx(60,15): error TS7006: Parameter 'error' implicitly has an 'any' type.
../../packages/core/features/connections/components/PendingRequestsList.tsx(67,43): error TS2339: Property 'declineRequest' does not exist on type 'never'.
../../packages/core/features/connections/components/PendingRequestsList.tsx(69,25): error TS2339: Property 'getPendingRequests' does not exist on type 'never'.
../../packages/core/features/connections/components/PendingRequestsList.tsx(74,15): error TS7006: Parameter 'error' implicitly has an 'any' type.
../../packages/core/features/connections/components/PendingRequestsList.tsx(81,42): error TS2339: Property 'declineRequest' does not exist on type 'never'.
../../packages/core/features/connections/components/PendingRequestsList.tsx(83,25): error TS2339: Property 'getPendingRequests' does not exist on type 'never'.
../../packages/core/features/connections/components/PendingRequestsList.tsx(88,15): error TS7006: Parameter 'error' implicitly has an 'any' type.
../../packages/core/features/connections/ConnectionsManagementPage.tsx(16,53): error TS2339: Property 'getPendingRequests' does not exist on type 'never'.
../../packages/core/features/dashboard/completion/useProfileCompletion.ts(29,51): error TS2339: Property 'completion' does not exist on type 'never'.
../../packages/core/features/dashboard/components/__tests__/TeamInvitationList.test.tsx(62,46): error TS2322: Type '{ readonly id: "inv-1"; readonly teamId: "team-1"; readonly email: "teammate@example.com"; readonly invitedUserId: null; readonly roleId: "role-1"; readonly status: "pending"; readonly expiresAt: string; ... 12 more ...; readonly team: { ...; }; }' is not assignable to type 'never'.
../../packages/core/features/dashboard/components/__tests__/TeamInvitationList.test.tsx(81,46): error TS2322: Type '{ id: string; status: string; acceptedAt: string; teamId: "team-1"; email: "teammate@example.com"; invitedUserId: null; roleId: "role-1"; expiresAt: string; declinedAt: null; revokedAt: null; sentAt: string; ... 8 more ...; team: { ...; }; }' is not assignable to type 'never'.
../../packages/core/features/dashboard/components/__tests__/TeamInvitationList.test.tsx(94,46): error TS2322: Type '{ id: string; status: string; expiresAt: string; teamId: "team-1"; email: "teammate@example.com"; invitedUserId: null; roleId: "role-1"; acceptedAt: null; declinedAt: null; revokedAt: null; sentAt: string; ... 8 more ...; team: { ...; }; }' is not assignable to type 'never'.
../../packages/core/features/dashboard/components/ProfileActivityWidget.tsx(25,76): error TS2339: Property 'getProfileViews' does not exist on type 'never'.
../../packages/core/features/dashboard/components/ProfileActivityWidget.tsx(30,22): error TS2339: Property 'getViewAnalytics' does not exist on type 'never'.
../../packages/core/features/dashboard/components/ProfileActivityWidget.tsx(32,72): error TS2339: Property 'getFollowers' does not exist on type 'never'.
../../packages/core/features/dashboard/components/ProfileActivityWidget.tsx(35,21): error TS2339: Property 'getPendingRequests' does not exist on type 'never'.
../../packages/core/features/dashboard/components/ProfileActivityWidget.tsx(40,49): error TS2339: Property 'acceptRequest' does not exist on type 'never'.
../../packages/core/features/dashboard/components/ProfileActivityWidget.tsx(42,31): error TS2339: Property 'getPendingRequests' does not exist on type 'never'.
../../packages/core/features/dashboard/components/ProfileActivityWidget.tsx(45,25): error TS2339: Property 'getPendingRequests' does not exist on type 'never'.
../../packages/core/features/dashboard/components/ProfileActivityWidget.tsx(46,25): error TS2339: Property 'getConnections' does not exist on type 'never'.
../../packages/core/features/dashboard/components/ProfileActivityWidget.tsx(50,50): error TS2339: Property 'declineRequest' does not exist on type 'never'.
../../packages/core/features/dashboard/components/ProfileActivityWidget.tsx(52,31): error TS2339: Property 'getPendingRequests' does not exist on type 'never'.
../../packages/core/features/dashboard/components/ProfileActivityWidget.tsx(55,25): error TS2339: Property 'getPendingRequests' does not exist on type 'never'.
../../packages/core/features/dashboard/components/TeamInvitationsWidget.tsx(11,45): error TS2344: Type 'CreateRouterInner<RootConfig<{ ctx: Context; meta: object; errorShape: DefaultErrorShape; transformer: DefaultDataTransformer; }>, { ...; }>' does not satisfy the constraint 'AnyRouter'.
  Types of property '_def' are incompatible.
    Property 'lazy' is missing in type 'RouterDef<RootConfig<{ ctx: Context; meta: object; errorShape: DefaultErrorShape; transformer: DefaultDataTransformer; }>, { ...; }, { ...; }>' but required in type 'RouterDef<any, any>'.
../../packages/core/features/dashboard/components/TeamInvitationsWidget.tsx(13,51): error TS2344: Type 'CreateRouterInner<RootConfig<{ ctx: Context; meta: object; errorShape: DefaultErrorShape; transformer: DefaultDataTransformer; }>, { ...; }>' does not satisfy the constraint 'AnyRouter'.
  Types of property '_def' are incompatible.
    Property 'lazy' is missing in type 'RouterDef<RootConfig<{ ctx: Context; meta: object; errorShape: DefaultErrorShape; transformer: DefaultDataTransformer; }>, { ...; }, { ...; }>' but required in type 'RouterDef<any, any>'.
../../packages/core/features/dashboard/components/TeamInvitationsWidget.tsx(46,37): error TS2339: Property 'team' does not exist on type 'never'.
../../packages/core/features/dashboard/components/TeamInvitationsWidget.tsx(47,45): error TS2339: Property 'team' does not exist on type 'never'.
../../packages/core/features/dashboard/components/TeamInvitationsWidget.tsx(48,35): error TS2339: Property 'sentAt' does not exist on type 'never'.
../../packages/core/features/dashboard/components/TeamInvitationsWidget.tsx(48,64): error TS2339: Property 'sentAt' does not exist on type 'never'.
../../packages/core/features/dashboard/components/TeamInvitationsWidget.tsx(49,38): error TS2339: Property 'expiresAt' does not exist on type 'never'.
../../packages/core/features/dashboard/components/TeamInvitationsWidget.tsx(50,33): error TS2339: Property 'expiresAt' does not exist on type 'never'.
../../packages/core/features/dashboard/components/TeamInvitationsWidget.tsx(53,52): error TS2339: Property 'id' does not exist on type 'never'.
../../packages/core/features/dashboard/components/TeamInvitationsWidget.tsx(57,29): error TS2339: Property 'id' does not exist on type 'never'.
../../packages/core/features/dashboard/components/TeamInvitationsWidget.tsx(86,45): error TS2339: Property 'id' does not exist on type 'never'.
../../packages/core/features/dashboard/components/TeamInvitationsWidget.tsx(88,50): error TS2339: Property 'id' does not exist on type 'never'.
../../packages/core/features/dashboard/components/TeamInvitationsWidget.tsx(103,45): error TS2339: Property 'id' does not exist on type 'never'.
../../packages/core/features/dashboard/components/TeamInvitationsWidget.tsx(105,50): error TS2339: Property 'id' does not exist on type 'never'.
../../packages/core/features/dashboard/components/TeamInvitationsWidget.tsx(126,38): error TS2339: Property 'invitations' does not exist on type 'never'.
../../packages/core/features/dashboard/components/TeamInvitationsWidget.tsx(133,37): error TS2339: Property 'invitations' does not exist on type 'never'.
../../packages/core/features/dashboard/components/TeamInvitationsWidget.tsx(135,25): error TS2339: Property 'status' does not exist on type 'never'.
../../packages/core/features/dashboard/components/TeamInvitationsWidget.tsx(137,18): error TS2339: Property 'status' does not exist on type 'never'.
../../packages/core/features/dashboard/dashboard-index-left.tsx(17,61): error TS2339: Property 'check' does not exist on type 'never'.
../../packages/core/features/discover/components/AddOrganizationWidget.tsx(43,21): error TS2339: Property 'getEmployers' does not exist on type 'never'.
../../packages/core/features/discover/components/AddOrganizationWidget.tsx(78,63): error TS2339: Property 'createOrganizationRequest' does not exist on type 'never'.
../../packages/core/features/discover/components/InternalJobCard.tsx(206,40): error TS2339: Property 'calculateSoftSkillsMatch' does not exist on type 'never'.
../../packages/core/features/discover/components/JobPreviewModal.tsx(46,26): error TS2339: Property 'getJobDetails' does not exist on type 'never'.
../../packages/core/features/discover/components/OrganizationPreviewModal.tsx(27,63): error TS2339: Property 'getOrganization' does not exist on type 'never'.
../../packages/core/features/discover/components/OrganizationPreviewModal.tsx(33,44): error TS2339: Property 'getOpenJobsCount' does not exist on type 'never'.
../../packages/core/features/discover/components/ProfileHoverCard.tsx(37,79): error TS2339: Property 'getPreview' does not exist on type 'never'.
../../packages/core/features/discover/components/ProfileHoverCard.tsx(44,23): error TS2339: Property 'getOrganization' does not exist on type 'never'.
../../packages/core/features/discover/components/ProfileHoverCard.tsx(50,44): error TS2339: Property 'getOpenJobsCount' does not exist on type 'never'.
../../packages/core/features/discover/components/UserProfilePanel.tsx(44,56): error TS2339: Property 'getPreview' does not exist on type 'never'.
../../packages/core/features/discover/components/WorkerPreviewModal.tsx(104,47): error TS2339: Property 'sendRequest' does not exist on type 'never'.
../../packages/core/features/discover/components/WorkerPreviewModal.tsx(106,31): error TS2339: Property 'getConnections' does not exist on type 'never'.
../../packages/core/features/discover/components/WorkerPreviewModal.tsx(107,31): error TS2339: Property 'getPendingRequests' does not exist on type 'never'.
../../packages/core/features/discover/components/WorkerPreviewModal.tsx(110,25): error TS2339: Property 'getConnections' does not exist on type 'never'.
../../packages/core/features/discover/components/WorkerPreviewModal.tsx(111,25): error TS2339: Property 'getPendingRequests' does not exist on type 'never'.
../../packages/core/features/discover/components/WorkerPreviewModal.tsx(123,49): error TS2339: Property 'acceptRequest' does not exist on type 'never'.
../../packages/core/features/discover/components/WorkerPreviewModal.tsx(125,31): error TS2339: Property 'getConnections' does not exist on type 'never'.
../../packages/core/features/discover/components/WorkerPreviewModal.tsx(126,31): error TS2339: Property 'getPendingRequests' does not exist on type 'never'.
../../packages/core/features/discover/components/WorkerPreviewModal.tsx(129,25): error TS2339: Property 'getConnections' does not exist on type 'never'.
../../packages/core/features/discover/components/WorkerPreviewModal.tsx(130,25): error TS2339: Property 'getPendingRequests' does not exist on type 'never'.
../../packages/core/features/discover/components/WorkerPreviewModal.tsx(142,50): error TS2339: Property 'declineRequest' does not exist on type 'never'.
../../packages/core/features/discover/components/WorkerPreviewModal.tsx(144,31): error TS2339: Property 'getPendingRequests' does not exist on type 'never'.
../../packages/core/features/discover/components/WorkerPreviewModal.tsx(147,25): error TS2339: Property 'getPendingRequests' does not exist on type 'never'.
../../packages/core/features/discover/components/WorkerPreviewModal.tsx(157,38): error TS2339: Property 'followUser' does not exist on type 'never'.
../../packages/core/features/discover/components/WorkerPreviewModal.tsx(159,27): error TS2339: Property 'getFollowing' does not exist on type 'never'.
../../packages/core/features/discover/components/WorkerPreviewModal.tsx(162,21): error TS2339: Property 'getFollowing' does not exist on type 'never'.
../../packages/core/features/discover/components/WorkerPreviewModal.tsx(174,40): error TS2339: Property 'unfollowUser' does not exist on type 'never'.
../../packages/core/features/discover/components/WorkerPreviewModal.tsx(176,27): error TS2339: Property 'getFollowing' does not exist on type 'never'.
../../packages/core/features/discover/components/WorkerPreviewModal.tsx(179,21): error TS2339: Property 'getFollowing' does not exist on type 'never'.
../../packages/core/features/discover/components/WorkerPreviewModal.tsx(253,72): error TS2339: Property 'getUserProfile' does not exist on type 'never'.
../../packages/core/features/discover/components/WorkerPreviewModal.tsx(259,75): error TS2339: Property 'getUserSkills' does not exist on type 'never'.
../../packages/core/features/discover/components/WorkerPreviewModal.tsx(266,21): error TS2339: Property 'getUserCertifications' does not exist on type 'never'.
../../packages/core/features/discover/components/WorkerPreviewModal.tsx(273,21): error TS2339: Property 'getUserExperience' does not exist on type 'never'.
../../packages/core/features/discover/components/WorkerPreviewModal.tsx(280,21): error TS2339: Property 'getUserEducation' does not exist on type 'never'.
../../packages/core/features/discover/discover-employer-detail-left.tsx(24,21): error TS2339: Property 'getEmployerById' does not exist on type 'never'.
../../packages/core/features/discover/discover-employer-detail-right.tsx(66,55): error TS2339: Property 'getEmployerById' does not exist on type 'never'.
../../packages/core/features/discover/discover-employer-detail-right.tsx(71,72): error TS2339: Property 'getOpenJobsCount' does not exist on type 'never'.
../../packages/core/features/discover/discover-employer-detail-right.tsx(77,19): error TS2339: Property 'getOrganizationFollowStatus' does not exist on type 'never'.
../../packages/core/features/discover/discover-employer-detail-right.tsx(83,19): error TS2339: Property 'getOrganizationEmploymentStatus' does not exist on type 'never'.
../../packages/core/features/discover/discover-employer-detail-right.tsx(88,40): error TS2339: Property 'followOrganization' does not exist on type 'never'.
../../packages/core/features/discover/discover-employer-detail-right.tsx(90,29): error TS2339: Property 'getOrganizationFollowStatus' does not exist on type 'never'.
../../packages/core/features/discover/discover-employer-detail-right.tsx(92,25): error TS2339: Property 'getOrganizationFollowStatus' does not exist on type 'never'.
../../packages/core/features/discover/discover-employer-detail-right.tsx(94,23): error TS2339: Property 'getOrganizationFollowStatus' does not exist on type 'never'.
../../packages/core/features/discover/discover-employer-detail-right.tsx(108,25): error TS2339: Property 'getOrganizationFollowStatus' does not exist on type 'never'.
../../packages/core/features/discover/discover-employer-detail-right.tsx(115,23): error TS2339: Property 'getOrganizationFollowStatus' does not exist on type 'never'.
../../packages/core/features/discover/discover-employer-detail-right.tsx(129,42): error TS2339: Property 'unfollowOrganization' does not exist on type 'never'.
../../packages/core/features/discover/discover-employer-detail-right.tsx(131,29): error TS2339: Property 'getOrganizationFollowStatus' does not exist on type 'never'.
../../packages/core/features/discover/discover-employer-detail-right.tsx(133,25): error TS2339: Property 'getOrganizationFollowStatus' does not exist on type 'never'.
../../packages/core/features/discover/discover-employer-detail-right.tsx(135,23): error TS2339: Property 'getOrganizationFollowStatus' does not exist on type 'never'.
../../packages/core/features/discover/discover-employer-detail-right.tsx(149,25): error TS2339: Property 'getOrganizationFollowStatus' does not exist on type 'never'.
../../packages/core/features/discover/discover-employer-detail-right.tsx(156,23): error TS2339: Property 'getOrganizationFollowStatus' does not exist on type 'never'.
../../packages/core/features/discover/discover-employer-detail-right.tsx(180,49): error TS2339: Property 'claimOrganizationEmployment' does not exist on type 'never'.
../../packages/core/features/discover/discover-employer-detail-right.tsx(182,29): error TS2339: Property 'getOrganizationEmploymentStatus' does not exist on type 'never'.
../../packages/core/features/discover/discover-employer-detail-right.tsx(184,25): error TS2339: Property 'getOrganizationEmploymentStatus' does not exist on type 'never'.
../../packages/core/features/discover/discover-employer-detail-right.tsx(186,23): error TS2339: Property 'getOrganizationEmploymentStatus' does not exist on type 'never'.
../../packages/core/features/discover/discover-employer-detail-right.tsx(203,25): error TS2339: Property 'getOrganizationEmploymentStatus' does not exist on type 'never'.
../../packages/core/features/discover/discover-employer-detail-right.tsx(211,23): error TS2339: Property 'getOrganizationEmploymentStatus' does not exist on type 'never'.
../../packages/core/features/discover/discover-employer-detail-right.tsx(231,29): error TS2339: Property 'getOrganizationEmploymentStatus' does not exist on type 'never'.
../../packages/core/features/discover/discover-employer-detail-right.tsx(235,50): error TS2339: Property 'removeOrganizationEmployment' does not exist on type 'never'.
../../packages/core/features/discover/discover-employer-detail-right.tsx(237,29): error TS2339: Property 'getOrganizationEmploymentStatus' does not exist on type 'never'.
../../packages/core/features/discover/discover-employer-detail-right.tsx(239,25): error TS2339: Property 'getOrganizationEmploymentStatus' does not exist on type 'never'.
../../packages/core/features/discover/discover-employer-detail-right.tsx(241,23): error TS2339: Property 'getOrganizationEmploymentStatus' does not exist on type 'never'.
../../packages/core/features/discover/discover-employer-detail-right.tsx(258,25): error TS2339: Property 'getOrganizationEmploymentStatus' does not exist on type 'never'.
../../packages/core/features/discover/discover-employer-detail-right.tsx(267,25): error TS2339: Property 'getOrganizationEmploymentStatus' does not exist on type 'never'.
../../packages/core/features/discover/discover-employer-detail-right.tsx(286,29): error TS2339: Property 'getOrganizationEmploymentStatus' does not exist on type 'never'.
../../packages/core/features/discover/discover-employers-screen.tsx(42,68): error TS2339: Property 'getEmployers' does not exist on type 'never'.
../../packages/core/features/discover/discover-employers-screen.tsx(81,64): error TS2339: Property 'getEmployers' does not exist on type 'never'.
../../packages/core/features/discover/discover-job-detail-left.tsx(26,74): error TS2339: Property 'getJobDetails' does not exist on type 'never'.
../../packages/core/features/discover/discover-job-detail-left.tsx(34,71): error TS2339: Property 'getExternalJobs' does not exist on type 'never'.
../../packages/core/features/discover/discover-job-detail-left.tsx(92,45): error TS2339: Property 'trackEvent' does not exist on type 'never'.
../../packages/core/features/discover/discover-job-detail-right.tsx(125,74): error TS2339: Property 'getJobDetails' does not exist on type 'never'.
../../packages/core/features/discover/discover-job-detail-right.tsx(134,71): error TS2339: Property 'getExternalJobs' does not exist on type 'never'.
../../packages/core/features/discover/discover-job-detail-right.tsx(157,67): error TS2339: Property 'calculateSoftSkillsMatch' does not exist on type 'never'.
../../packages/core/features/discover/discover-jobs-left.tsx(39,71): error TS2339: Property 'getExternalJobs' does not exist on type 'never'.
../../packages/core/features/discover/discover-jobs-left.tsx(48,14): error TS2339: Property 'getJobsWithSoftSkillsMatch' does not exist on type 'never'.
../../packages/core/features/discover/discover-jobs-left.tsx(62,71): error TS2339: Property 'getPublishedJobs' does not exist on type 'never'.
../../packages/core/features/discover/discover-jobs-left.tsx(72,55): error TS2339: Property 'getUserApplications' does not exist on type 'never'.
../../packages/core/features/discover/discover-jobs-right.tsx(39,68): error TS2339: Property 'getFilterOptions' does not exist on type 'never'.
../../packages/core/features/discover/discover-jobs-right.tsx(44,48): error TS2339: Property 'skills' does not exist on type 'never'.
../../packages/core/features/discover/discover-worker-profile-screen.tsx(204,40): error TS2339: Property 'widgets' does not exist on type 'never'.
../../packages/core/features/discover/hooks/useFindNearestResults.ts(34,25): error TS2339: Property 'findNearestResults' does not exist on type 'never'.
../../packages/core/features/discover/hooks/useLocationResultCounts.ts(51,25): error TS2339: Property 'getLocationCounts' does not exist on type 'never'.
../../packages/core/features/drawer/DrawerContent.tsx(74,48): error TS2339: Property 'general' does not exist on type 'never'.
../../packages/core/features/drawer/DrawerLayout.tsx(40,55): error TS2339: Property 'preferences' does not exist on type 'never'.
../../packages/core/features/drawer/DrawerLayout.tsx(53,23): error TS2339: Property 'list' does not exist on type 'never'.
../../packages/core/features/drawer/DrawerLayout.tsx(56,55): error TS2339: Property 'getUnreadCount' does not exist on type 'never'.
../../packages/core/features/drawer/DrawerLayout.tsx(61,48): error TS2339: Property 'markAsRead' does not exist on type 'never'.
../../packages/core/features/drawer/DrawerLayout.tsx(64,27): error TS2339: Property 'list' does not exist on type 'never'.
../../packages/core/features/drawer/DrawerLayout.tsx(65,27): error TS2339: Property 'getUnreadCount' does not exist on type 'never'.
../../packages/core/features/feedback/__tests__/useFeedbackSubmit.test.ts(87,5): error TS2304: Cannot find name 'getPendingFeedbackQueueMock'.
../../packages/core/features/feedback/hooks/useFeedbackSubmit.ts(103,39): error TS2339: Property 'submit' does not exist on type 'never'.
../../packages/core/features/feedback/hooks/useFeedbackSubmit.ts(104,42): error TS2339: Property 'getUploadUrl' does not exist on type 'never'.
../../packages/core/features/id-verification/components/IdVerificationAdminPage.tsx(22,41): error TS2344: Type 'CreateRouterInner<RootConfig<{ ctx: Context; meta: object; errorShape: DefaultErrorShape; transformer: DefaultDataTransformer; }>, { ...; }>' does not satisfy the constraint 'AnyRouter'.
  Types of property '_def' are incompatible.
    Property 'lazy' is missing in type 'RouterDef<RootConfig<{ ctx: Context; meta: object; errorShape: DefaultErrorShape; transformer: DefaultDataTransformer; }>, { ...; }, { ...; }>' but required in type 'RouterDef<any, any>'.
../../packages/core/features/id-verification/components/IdVerificationAdminPage.tsx(98,45): error TS2339: Property 'id' does not exist on type 'never'.
../../packages/core/features/id-verification/components/IdVerificationAdminPage.tsx(102,40): error TS2339: Property 'listVerifications' does not exist on type 'never'.
../../packages/core/features/id-verification/components/IdVerificationAdminPage.tsx(110,25): error TS7006: Parameter 'previousData' implicitly has an 'any' type.
../../packages/core/features/id-verification/components/IdVerificationAdminPage.tsx(128,29): error TS2339: Property 'workerName' does not exist on type 'never'.
../../packages/core/features/id-verification/components/IdVerificationAdminPage.tsx(130,27): error TS2339: Property 'workerEmail' does not exist on type 'never'.
../../packages/core/features/id-verification/components/IdVerificationAdminPage.tsx(132,31): error TS2339: Property 'workerEmail' does not exist on type 'never'.
../../packages/core/features/id-verification/components/IdVerificationAdminPage.tsx(143,41): error TS2339: Property 'badgeStatus' does not exist on type 'never'.
../../packages/core/features/id-verification/components/IdVerificationAdminPage.tsx(148,31): error TS2339: Property 'badgeStatus' does not exist on type 'never'.
../../packages/core/features/id-verification/components/IdVerificationAdminPage.tsx(171,24): error TS2339: Property 'verificationLevel' does not exist on type 'never'.
../../packages/core/features/id-verification/components/IdVerificationAdminPage.tsx(177,35): error TS2339: Property 'verifiedAt' does not exist on type 'never'.
../../packages/core/features/id-verification/components/IdVerificationAdminPage.tsx(183,35): error TS2339: Property 'badgeExpiresAt' does not exist on type 'never'.
../../packages/core/features/id-verification/components/IdVerificationAdminPage.tsx(189,24): error TS2339: Property 'organizationName' does not exist on type 'never'.
../../packages/core/features/id-verification/components/IdVerificationAdminPage.tsx(195,43): error TS2339: Property 'source' does not exist on type 'never'.
../../packages/core/features/id-verification/components/IdVerificationAdminPage.tsx(216,24): error TS2339: Property 'personaStatus' does not exist on type 'never'.
../../packages/core/features/id-verification/components/IdVerificationAdminPage.tsx(222,39): error TS2339: Property 'priceCents' does not exist on type 'never'.
../../packages/core/features/id-verification/components/IdVerificationAdminPage.tsx(314,52): error TS2339: Property 'id' does not exist on type 'never'.
../../packages/core/features/id-verification/components/IdVerificationAdminPage.tsx(314,84): error TS2339: Property 'name' does not exist on type 'never'.
../../packages/core/features/id-verification/components/IdVerificationAdminPage.tsx(322,28): error TS2339: Property 'id' does not exist on type 'never'.
../../packages/core/features/id-verification/components/IdVerificationAdminPage.tsx(323,29): error TS2339: Property 'name' does not exist on type 'never'.
../../packages/core/features/id-verification/components/IdVerificationFlow.tsx(48,43): error TS2339: Property 'getPricing' does not exist on type 'never'.
../../packages/core/features/id-verification/components/IdVerificationFlow.tsx(51,55): error TS2339: Property 'getCurrentVerification' does not exist on type 'never'.
../../packages/core/features/id-verification/components/IdVerificationFlow.tsx(58,50): error TS2339: Property 'requestVerification' does not exist on type 'never'.
../../packages/core/features/id-verification/components/IdVerificationFlow.tsx(59,50): error TS2339: Property 'confirmVerificationPayment' does not exist on type 'never'.
../../packages/core/features/id-verification/components/IdVerificationFlow.tsx(227,53): error TS2339: Property 'getCurrentVerification' does not exist on type 'never'.
../../packages/core/features/id-verification/components/IdVerificationRequestPanel.tsx(12,41): error TS2344: Type 'CreateRouterInner<RootConfig<{ ctx: Context; meta: object; errorShape: DefaultErrorShape; transformer: DefaultDataTransformer; }>, { ...; }>' does not satisfy the constraint 'AnyRouter'.
  Types of property '_def' are incompatible.
    Property 'lazy' is missing in type 'RouterDef<RootConfig<{ ctx: Context; meta: object; errorShape: DefaultErrorShape; transformer: DefaultDataTransformer; }>, { ...; }, { ...; }>' but required in type 'RouterDef<any, any>'.
../../packages/core/features/id-verification/components/IdVerificationRequestPanel.tsx(62,36): error TS2339: Property 'getWorkers' does not exist on type 'never'.
../../packages/core/features/id-verification/components/IdVerificationRequestPanel.tsx(71,43): error TS2339: Property 'getPricing' does not exist on type 'never'.
../../packages/core/features/id-verification/components/IdVerificationRequestPanel.tsx(80,47): error TS2339: Property 'id' does not exist on type 'never'.
../../packages/core/features/id-verification/components/IdVerificationRequestPanel.tsx(84,50): error TS2339: Property 'requestVerification' does not exist on type 'never'.
../../packages/core/features/id-verification/components/IdVerificationRequestPanel.tsx(94,50): error TS2339: Property 'confirmVerificationPayment' does not exist on type 'never'.
../../packages/core/features/id-verification/components/IdVerificationRequestPanel.tsx(100,34): error TS2339: Property 'listVerifications' does not exist on type 'never'.
../../packages/core/features/id-verification/components/IdVerificationRequestPanel.tsx(115,66): error TS2339: Property 'id' does not exist on type 'never'.
../../packages/core/features/id-verification/components/IdVerificationRequestPanel.tsx(184,50): error TS2339: Property 'id' does not exist on type 'never'.
../../packages/core/features/id-verification/components/IdVerificationRequestPanel.tsx(184,74): error TS2339: Property 'name' does not exist on type 'never'.
../../packages/core/features/id-verification/components/IdVerificationRequestPanel.tsx(192,26): error TS2339: Property 'id' does not exist on type 'never'.
../../packages/core/features/id-verification/components/IdVerificationRequestPanel.tsx(193,27): error TS2339: Property 'name' does not exist on type 'never'.
../../packages/core/features/id-verification/components/IdVerificationRequestPanel.tsx(217,33): error TS2339: Property 'id' does not exist on type 'never'.
../../packages/core/features/id-verification/components/IdVerificationRequestPanel.tsx(219,28): error TS2339: Property 'display_name' does not exist on type 'never'.
../../packages/core/features/id-verification/components/IdVerificationRequestPanel.tsx(220,28): error TS2339: Property 'email' does not exist on type 'never'.
../../packages/core/features/id-verification/components/IdVerificationRequestPanel.tsx(221,28): error TS2339: Property 'username' does not exist on type 'never'.
../../packages/core/features/id-verification/components/IdVerificationRequestPanel.tsx(222,45): error TS2339: Property 'id' does not exist on type 'never'.
../../packages/core/features/id-verification/components/IdVerificationRequestPanel.tsx(235,36): error TS2339: Property 'name' does not exist on type 'never'.
../../packages/core/features/id-verification/components/IdVerificationRequestPanel.tsx(235,76): error TS2339: Property 'priceCents' does not exist on type 'never'.
../../packages/core/features/id-verification/components/IdVerificationRequestPanel.tsx(242,27): error TS2339: Property 'id' does not exist on type 'never'.
../../packages/core/features/id-verification/components/IdVerificationRequestPanel.tsx(243,30): error TS2339: Property 'name' does not exist on type 'never'.
../../packages/core/features/id-verification/components/IdVerificationRequestPanel.tsx(243,62): error TS2339: Property 'priceCents' does not exist on type 'never'.
../../packages/core/features/id-verification/components/IdVerificationRequestPanel.tsx(272,54): error TS2339: Property 'name' does not exist on type 'never'.
../../packages/core/features/id-verification/components/IdVerificationWidget.tsx(11,41): error TS2339: Property 'getCurrentVerification' does not exist on type 'never'.
../../packages/core/features/id-verification/components/IdVerificationWidget.tsx(58,52): error TS2339: Property 'getCurrentVerification' does not exist on type 'never'.
../../packages/core/features/inquiries/components/BulkInquiryModal.tsx(84,36): error TS2339: Property 'createBulk' does not exist on type 'never'.
../../packages/core/features/inquiries/components/ComparisonColumn.tsx(12,22): error TS2344: Type 'CreateRouterInner<RootConfig<{ ctx: Context; meta: object; errorShape: DefaultErrorShape; transformer: DefaultDataTransformer; }>, { ...; }>' does not satisfy the constraint 'AnyRouter'.
  Types of property '_def' are incompatible.
    Property 'lazy' is missing in type 'RouterDef<RootConfig<{ ctx: Context; meta: object; errorShape: DefaultErrorShape; transformer: DefaultDataTransformer; }>, { ...; }, { ...; }>' but required in type 'RouterDef<any, any>'.
../../packages/core/features/inquiries/components/ComparisonColumn.tsx(35,9): error TS2322: Type 'any' is not assignable to type 'never'.
../../packages/core/features/inquiries/components/ComparisonColumn.tsx(35,69): error TS2339: Property 'sections' does not exist on type 'never'.
../../packages/core/features/inquiries/components/ComparisonColumn.tsx(36,9): error TS2322: Type 'any' is not assignable to type 'never'.
../../packages/core/features/inquiries/components/ComparisonColumn.tsx(36,69): error TS2339: Property 'comments' does not exist on type 'never'.
../../packages/core/features/inquiries/components/ComparisonColumn.tsx(37,9): error TS2322: Type 'any' is not assignable to type 'never'.
../../packages/core/features/inquiries/components/ComparisonColumn.tsx(38,17): error TS2339: Property 'capabilityResponses' does not exist on type 'never'.
../../packages/core/features/inquiries/components/ComparisonColumn.tsx(41,18): error TS2339: Property 'candidate' does not exist on type 'never'.
../../packages/core/features/inquiries/components/ComparisonColumn.tsx(42,18): error TS2339: Property 'candidate' does not exist on type 'never'.
../../packages/core/features/inquiries/components/ComparisonColumn.tsx(43,18): error TS2339: Property 'candidate' does not exist on type 'never'.
../../packages/core/features/inquiries/components/ComparisonColumn.tsx(48,18): error TS2339: Property 'rate_min_cents' does not exist on type 'never'.
../../packages/core/features/inquiries/components/ComparisonColumn.tsx(49,26): error TS2339: Property 'rate_min_cents' does not exist on type 'never'.
../../packages/core/features/inquiries/components/ComparisonColumn.tsx(50,25): error TS2339: Property 'rate_max_cents' does not exist on type 'never'.
../../packages/core/features/inquiries/components/ComparisonColumn.tsx(50,51): error TS2339: Property 'rate_max_cents' does not exist on type 'never'.
../../packages/core/features/inquiries/components/ComparisonColumn.tsx(51,26): error TS2339: Property 'rate_type' does not exist on type 'never'.
../../packages/core/features/inquiries/components/ComparisonColumn.tsx(67,18): error TS2339: Property 'workdays' does not exist on type 'never'.
../../packages/core/features/inquiries/components/ComparisonColumn.tsx(67,38): error TS2339: Property 'workdays' does not exist on type 'never'.
../../packages/core/features/inquiries/components/ComparisonColumn.tsx(77,20): error TS2339: Property 'workdays' does not exist on type 'never'.
../../packages/core/features/inquiries/components/ComparisonColumn.tsx(82,18): error TS2339: Property 'employment_type' does not exist on type 'never'.
../../packages/core/features/inquiries/components/ComparisonColumn.tsx(83,20): error TS2339: Property 'employment_type' does not exist on type 'never'.
../../packages/core/features/inquiries/components/ComparisonColumn.tsx(88,18): error TS2339: Property 'work_schedule' does not exist on type 'never'.
../../packages/core/features/inquiries/components/ComparisonColumn.tsx(94,27): error TS2339: Property 'work_schedule' does not exist on type 'never'.
../../packages/core/features/inquiries/components/ComparisonColumn.tsx(94,53): error TS2339: Property 'work_schedule' does not exist on type 'never'.
../../packages/core/features/inquiries/components/ComparisonColumn.tsx(99,18): error TS2339: Property 'working_hours_start' does not exist on type 'never'.
../../packages/core/features/inquiries/components/ComparisonColumn.tsx(99,50): error TS2339: Property 'working_hours_end' does not exist on type 'never'.
../../packages/core/features/inquiries/components/ComparisonColumn.tsx(100,30): error TS2339: Property 'working_hours_timezone' does not exist on type 'never'.
../../packages/core/features/inquiries/components/ComparisonColumn.tsx(100,68): error TS2339: Property 'working_hours_timezone' does not exist on type 'never'.
../../packages/core/features/inquiries/components/ComparisonColumn.tsx(101,23): error TS2339: Property 'working_hours_start' does not exist on type 'never'.
../../packages/core/features/inquiries/components/ComparisonColumn.tsx(101,56): error TS2339: Property 'working_hours_end' does not exist on type 'never'.
../../packages/core/features/inquiries/components/ComparisonColumn.tsx(106,30): error TS2339: Property 'find' does not exist on type 'never'.
../../packages/core/features/inquiries/components/ComparisonColumn.tsx(107,51): error TS2339: Property 'section_name' does not exist on type 'never'.
../../packages/core/features/inquiries/components/ComparisonColumn.tsx(117,21): error TS2339: Property 'filter' does not exist on type 'never'.
../../packages/core/features/inquiries/components/ComparisonColumn.tsx(117,64): error TS2339: Property 'section_name' does not exist on type 'never'.
../../packages/core/features/inquiries/components/ComparisonColumn.tsx(120,33): error TS2339: Property 'status' does not exist on type 'never'.
../../packages/core/features/inquiries/components/ComparisonColumn.tsx(121,47): error TS2339: Property 'updated_at' does not exist on type 'never'.
../../packages/core/features/inquiries/components/ComparisonColumn.tsx(123,18): error TS2339: Property 'candidate' does not exist on type 'never'.
../../packages/core/features/inquiries/components/ComparisonColumn.tsx(123,56): error TS2339: Property 'candidate' does not exist on type 'never'.
../../packages/core/features/inquiries/components/ComparisonColumn.tsx(124,33): error TS2339: Property 'job' does not exist on type 'never'.
../../packages/core/features/inquiries/components/ComparisonColumn.tsx(124,60): error TS2339: Property 'jobTitle' does not exist on type 'never'.
../../packages/core/features/inquiries/components/ComparisonColumn.tsx(164,47): error TS2339: Property 'id' does not exist on type 'never'.
../../packages/core/features/inquiries/components/ComparisonColumn.tsx(248,37): error TS2339: Property 'employment_start_date' does not exist on type 'never'.
../../packages/core/features/inquiries/components/ComparisonColumn.tsx(251,18): error TS2339: Property 'employment_end_date' does not exist on type 'never'.
../../packages/core/features/inquiries/components/ComparisonColumn.tsx(254,39): error TS2339: Property 'employment_end_date' does not exist on type 'never'.
../../packages/core/features/inquiries/components/ComparisonColumn.tsx(260,26): error TS2339: Property 'work_schedule_negotiable' does not exist on type 'never'.
../../packages/core/features/inquiries/components/ComparisonColumn.tsx(265,26): error TS2339: Property 'working_hours_negotiable' does not exist on type 'never'.
../../packages/core/features/inquiries/components/ComparisonColumn.tsx(270,26): error TS2339: Property 'employment_dates_negotiable' does not exist on type 'never'.
../../packages/core/features/inquiries/components/ComparisonColumn.tsx(304,26): error TS2339: Property 'rate_negotiable' does not exist on type 'never'.
../../packages/core/features/inquiries/components/ComparisonColumn.tsx(327,28): error TS2339: Property 'length' does not exist on type 'never'.
../../packages/core/features/inquiries/components/ComparisonColumn.tsx(332,32): error TS2339: Property 'map' does not exist on type 'never'.
../../packages/core/features/inquiries/components/ComparisonColumn.tsx(334,29): error TS2339: Property 'capability_name' does not exist on type 'never'.
../../packages/core/features/inquiries/components/ComparisonColumn.tsx(335,31): error TS2339: Property 'capability_name' does not exist on type 'never'.
../../packages/core/features/inquiries/components/ComparisonColumn.tsx(337,26): error TS2339: Property 'response_value' does not exist on type 'never'.
../../packages/core/features/inquiries/components/ComparisonColumn.tsx(338,30): error TS2339: Property 'response_value' does not exist on type 'never'.
../../packages/core/features/inquiries/components/ComparisonColumn.tsx(339,30): error TS2339: Property 'response_text' does not exist on type 'never'.
../../packages/core/features/inquiries/components/ComparisonColumn.tsx(341,76): error TS2339: Property 'capability_name' does not exist on type 'never'.
../../packages/core/features/inquiries/components/ComparisonColumn.tsx(371,21): error TS2339: Property 'willing_to_travel' does not exist on type 'never'.
../../packages/core/features/inquiries/components/ComparisonColumn.tsx(371,59): error TS2339: Property 'willing_to_travel' does not exist on type 'never'.
../../packages/core/features/inquiries/components/ComparisonColumn.tsx(373,25): error TS2339: Property 'willing_to_travel' does not exist on type 'never'.
../../packages/core/features/inquiries/components/ComparisonColumn.tsx(379,21): error TS2339: Property 'travel_distance_miles' does not exist on type 'never'.
../../packages/core/features/inquiries/components/ComparisonColumn.tsx(379,56): error TS2339: Property 'travel_distance_miles' does not exist on type 'never'.
../../packages/core/features/inquiries/components/ComparisonColumn.tsx(385,21): error TS2339: Property 'willing_to_work_overtime' does not exist on type 'never'.
../../packages/core/features/inquiries/components/ComparisonColumn.tsx(386,21): error TS2339: Property 'willing_to_work_overtime' does not exist on type 'never'.
../../packages/core/features/inquiries/components/ComparisonColumn.tsx(388,25): error TS2339: Property 'willing_to_work_overtime' does not exist on type 'never'.
../../packages/core/features/inquiries/components/ComparisonColumn.tsx(397,21): error TS2339: Property 'has_drivers_license' does not exist on type 'never'.
../../packages/core/features/inquiries/components/ComparisonColumn.tsx(397,61): error TS2339: Property 'has_drivers_license' does not exist on type 'never'.
../../packages/core/features/inquiries/components/ComparisonColumn.tsx(399,25): error TS2339: Property 'has_drivers_license' does not exist on type 'never'.
../../packages/core/features/inquiries/components/ComparisonColumn.tsx(415,23): error TS2339: Property 'application_id' does not exist on type 'never'.
../../packages/core/features/inquiries/components/ComparisonColumn.tsx(423,50): error TS2339: Property 'id' does not exist on type 'never'.
../../packages/core/features/inquiries/components/InquiryCommentThread.tsx(31,44): error TS2339: Property 'addComment' does not exist on type 'never'.
../../packages/core/features/inquiries/components/InquiryCommentThread.tsx(45,42): error TS2339: Property 'markCommentRead' does not exist on type 'never'.
../../packages/core/features/inquiries/components/InquiryComparisonView.tsx(17,52): error TS2339: Property 'getMultiple' does not exist on type 'never'.
../../packages/core/features/inquiries/components/InquiryComparisonView.tsx(34,50): error TS2339: Property 'inquiry' does not exist on type 'never'.
../../packages/core/features/inquiries/components/InquiryComparisonView.tsx(35,48): error TS2339: Property 'inquiry' does not exist on type 'never'.
../../packages/core/features/inquiries/components/InquiryComparisonView.tsx(38,29): error TS2339: Property 'inquiry' does not exist on type 'never'.
../../packages/core/features/inquiries/components/InquiryComparisonView.tsx(38,67): error TS2339: Property 'inquiry' does not exist on type 'never'.
../../packages/core/features/inquiries/components/InquiryComparisonView.tsx(40,56): error TS2339: Property 'inquiry' does not exist on type 'never'.
../../packages/core/features/inquiries/components/InquiryComparisonView.tsx(41,45): error TS2339: Property 'inquiry' does not exist on type 'never'.
../../packages/core/features/inquiries/components/InquiryComparisonView.tsx(42,55): error TS2339: Property 'inquiry' does not exist on type 'never'.
../../packages/core/features/inquiries/components/InquiryComparisonView.tsx(43,58): error TS2339: Property 'inquiry' does not exist on type 'never'.
../../packages/core/features/inquiries/components/InquiryComparisonView.tsx(44,58): error TS2339: Property 'inquiry' does not exist on type 'never'.
../../packages/core/features/inquiries/components/InquiryComparisonView.tsx(45,61): error TS2339: Property 'inquiry' does not exist on type 'never'.
../../packages/core/features/inquiries/components/InquiryComparisonView.tsx(49,19): error TS2339: Property 'inquiry' does not exist on type 'never'.
../../packages/core/features/inquiries/components/InquiryComparisonView.tsx(49,47): error TS2339: Property 'inquiry' does not exist on type 'never'.
../../packages/core/features/inquiries/components/InquiryComparisonView.tsx(49,80): error TS2339: Property 'inquiry' does not exist on type 'never'.
../../packages/core/features/inquiries/components/InquiryComparisonView.tsx(51,50): error TS2339: Property 'inquiry' does not exist on type 'never'.
../../packages/core/features/inquiries/components/InquiryComparisonView.tsx(52,51): error TS2339: Property 'inquiry' does not exist on type 'never'.
../../packages/core/features/inquiries/components/InquiryComparisonView.tsx(53,57): error TS2339: Property 'inquiry' does not exist on type 'never'.
../../packages/core/features/inquiries/components/InquiryComparisonView.tsx(54,53): error TS2339: Property 'inquiry' does not exist on type 'never'.
../../packages/core/features/inquiries/components/InquiryComparisonView.tsx(59,18): error TS2339: Property 'capabilityResponses' does not exist on type 'never'.
../../packages/core/features/inquiries/components/InquiryComparisonView.tsx(60,39): error TS2339: Property 'capabilityResponses' does not exist on type 'never'.
../../packages/core/features/inquiries/components/InquiryComparisonView.tsx(68,33): error TS2339: Property 'capabilityResponses' does not exist on type 'never'.
../../packages/core/features/inquiries/components/InquiryComparisonView.tsx(70,19): error TS2339: Property 'capability_name' does not exist on type 'never'.
../../packages/core/features/inquiries/components/InquiryComparisonView.tsx(88,63): error TS2339: Property 'inquiry' does not exist on type 'never'.
../../packages/core/features/inquiries/components/InquiryComparisonView.tsx(144,32): error TS2339: Property 'inquiry' does not exist on type 'never'.
../../packages/core/features/inquiries/components/InquiryCreateForm.tsx(156,21): error TS2339: Property 'getTemplatesForApplication' does not exist on type 'never'.
../../packages/core/features/inquiries/components/InquiryCreateForm.tsx(171,48): error TS2339: Property 'createTemplate' does not exist on type 'never'.
../../packages/core/features/inquiries/components/InquiryCreateForm.tsx(172,47): error TS2339: Property 'applyTemplate' does not exist on type 'never'.
../../packages/core/features/inquiries/components/InquiryCreateForm.tsx(173,48): error TS2339: Property 'deleteTemplate' does not exist on type 'never'.
../../packages/core/features/inquiries/components/InquiryCreateForm.tsx(176,19): error TS2339: Property 'getSmartDefaults' does not exist on type 'never'.
../../packages/core/features/inquiries/components/InquiryHistoryTimeline.tsx(136,21): error TS2339: Property 'getHistory' does not exist on type 'never'.
../../packages/core/features/inquiries/components/InquiryOverviewWidget.tsx(9,22): error TS2344: Type 'CreateRouterInner<RootConfig<{ ctx: Context; meta: object; errorShape: DefaultErrorShape; transformer: DefaultDataTransformer; }>, { ...; }>' does not satisfy the constraint 'AnyRouter'.
  Types of property '_def' are incompatible.
    Property 'lazy' is missing in type 'RouterDef<RootConfig<{ ctx: Context; meta: object; errorShape: DefaultErrorShape; transformer: DefaultDataTransformer; }>, { ...; }, { ...; }>' but required in type 'RouterDef<any, any>'.
../../packages/core/features/inquiries/components/InquiryOverviewWidget.tsx(14,48): error TS2339: Property 'getUserApplications' does not exist on type 'never'.
../../packages/core/features/inquiries/components/InquiryOverviewWidget.tsx(41,28): error TS2339: Property 'id' does not exist on type 'never'.
../../packages/core/features/inquiries/components/InquiryOverviewWidget.tsx(50,26): error TS2339: Property 'job' does not exist on type 'never'.
../../packages/core/features/inquiries/components/InquiryOverviewWidget.tsx(53,26): error TS2339: Property 'job' does not exist on type 'never'.
../../packages/core/features/inquiries/components/InquiryOverviewWidget.tsx(59,95): error TS2339: Property 'id' does not exist on type 'never'.
../../packages/core/features/inquiries/components/InquiryReminderSettings.tsx(12,59): error TS2339: Property 'getReminderSettings' does not exist on type 'never'.
../../packages/core/features/inquiries/components/InquiryReminderSettings.tsx(16,44): error TS2339: Property 'updateReminderSettings' does not exist on type 'never'.
../../packages/core/features/inquiries/components/InquiryViewCandidate.tsx(50,52): error TS2339: Property 'getByApplication' does not exist on type 'never'.
../../packages/core/features/inquiries/components/InquiryViewCandidate.tsx(69,47): error TS2339: Property 'acceptSection' does not exist on type 'never'.
../../packages/core/features/inquiries/components/InquiryViewCandidate.tsx(82,58): error TS2339: Property 'submitCapabilityResponse' does not exist on type 'never'.
../../packages/core/features/inquiries/components/InquiryViewOrganization.tsx(53,52): error TS2339: Property 'getByApplication' does not exist on type 'never'.
../../packages/core/features/inquiries/hooks/useInquiryEdit.ts(17,51): error TS2339: Property 'update' does not exist on type 'never'.
../../packages/core/features/inquiries/hooks/useInquiryEdit.ts(73,40): error TS2339: Property 'update' does not exist on type 'never'.
../../packages/core/features/inquiries/hooks/useInquiryForm.ts(15,51): error TS2339: Property 'create' does not exist on type 'never'.
../../packages/core/features/inquiries/hooks/useInquiryForm.ts(16,49): error TS2339: Property 'send' does not exist on type 'never'.
../../packages/core/features/inquiries/hooks/useInquiryForm.ts(64,40): error TS2339: Property 'create' does not exist on type 'never'.
../../packages/core/features/inquiries/hooks/useInquiryForm.ts(77,38): error TS2339: Property 'send' does not exist on type 'never'.
../../packages/core/features/ipip-assessment/components/IPIPResultsPage.tsx(21,45): error TS2339: Property 'awardResultsViewXP' does not exist on type 'never'.
../../packages/core/features/ipip-assessment/components/IPIPResultsPage.tsx(23,35): error TS2339: Property 'getAssessmentStatus' does not exist on type 'never'.
../../packages/core/features/ipip-assessment/components/IPIPResultsPage.tsx(49,33): error TS2339: Property 'getAssessmentStatus' does not exist on type 'never'.
../../packages/core/features/ipip-assessment/components/IPIPResultsPage.tsx(50,33): error TS2339: Property 'getArchetype' does not exist on type 'never'.
../../packages/core/features/ipip-assessment/components/ShareResults.tsx(24,56): error TS2339: Property 'generateShareToken' does not exist on type 'never'.
../../packages/core/features/ipip-assessment/components/ShareResults.tsx(33,35): error TS2339: Property 'getAssessmentStatus' does not exist on type 'never'.
../../packages/core/features/ipip-assessment/components/ShareResults.tsx(43,54): error TS2339: Property 'revokeShareToken' does not exist on type 'never'.
../../packages/core/features/ipip-assessment/components/ShareResults.tsx(49,35): error TS2339: Property 'getAssessmentStatus' does not exist on type 'never'.
../../packages/core/features/ipip-assessment/hooks/useIPIPResults.ts(45,33): error TS2339: Property 'getAssessmentStatus' does not exist on type 'never'.
../../packages/core/features/ipip-assessment/hooks/useIPIPResults.ts(52,31): error TS2339: Property 'getArchetype' does not exist on type 'never'.
../../packages/core/features/ipip-assessment/IPIPAssessmentWidget.tsx(17,65): error TS2339: Property 'getIPIPStatus' does not exist on type 'never'.
../../packages/core/features/ipip-assessment/IPIPAssessmentWidget.tsx(18,58): error TS2339: Property 'getAssessmentStatus' does not exist on type 'never'.
../../packages/core/features/ipip-assessment/IPIPAssessmentWizard.tsx(28,72): error TS2339: Property 'getIPIPStatus' does not exist on type 'never'.
../../packages/core/features/ipip-assessment/IPIPAssessmentWizard.tsx(29,58): error TS2339: Property 'getAssessmentStatus' does not exist on type 'never'.
../../packages/core/features/ipip-assessment/IPIPAssessmentWizard.tsx(32,50): error TS2339: Property 'saveIPIPProgress' does not exist on type 'never'.
../../packages/core/features/ipip-assessment/IPIPAssessmentWizard.tsx(35,35): error TS2339: Property 'getIPIPStatus' does not exist on type 'never'.
../../packages/core/features/ipip-assessment/IPIPAssessmentWizard.tsx(36,35): error TS2339: Property 'getAssessmentStatus' does not exist on type 'never'.
../../packages/core/features/luscher-test/LuscherTestWizard.tsx(27,31): error TS2339: Property 'getLuscherTestAvailability' does not exist on type 'never'.
../../packages/core/features/luscher-test/LuscherTestWizard.tsx(30,58): error TS2339: Property 'getAssessmentStatus' does not exist on type 'never'.
../../packages/core/features/luscher-test/LuscherTestWizard.tsx(35,55): error TS2339: Property 'saveLuscher1' does not exist on type 'never'.
../../packages/core/features/luscher-test/LuscherTestWizard.tsx(38,57): error TS2339: Property 'getAssessmentStatus' does not exist on type 'never'.
../../packages/core/features/luscher-test/LuscherTestWizard.tsx(56,55): error TS2339: Property 'saveLuscherTestSession' does not exist on type 'never'.
../../packages/core/features/luscher-test/LuscherTestWizard.tsx(59,35): error TS2339: Property 'getLuscherTestAvailability' does not exist on type 'never'.
../../packages/core/features/luscher-test/LuscherTestWizard.tsx(60,35): error TS2339: Property 'getAssessmentStatus' does not exist on type 'never'.
../../packages/core/features/luscher-test/LuscherTestWizard.tsx(61,35): error TS2339: Property 'getLuscherTest1Status' does not exist on type 'never'.
../../packages/core/features/luscher-test/LuscherTestWizard.tsx(62,35): error TS2339: Property 'getLuscherTest2Status' does not exist on type 'never'.
../../packages/core/features/news/hooks/useNewsFeed.tsx(33,26): error TS2339: Property 'getByIndustry' does not exist on type 'never'.
../../packages/core/features/news/NewsWidget.tsx(137,38): error TS2339: Property 'general' does not exist on type 'never'.
../../packages/core/features/news/NewsWidget.tsx(140,45): error TS2339: Property 'widgets' does not exist on type 'never'.
../../packages/core/features/news/NewsWidget.tsx(231,44): error TS2339: Property 'widgets' does not exist on type 'never'.
../../packages/core/features/occupation-assessment/OccupationAssessmentWidget.tsx(13,48): error TS2339: Property 'getOccupationStatus' does not exist on type 'never'.
../../packages/core/features/occupation-assessment/OccupationAssessmentWizard.tsx(18,55): error TS2339: Property 'getOccupationStatus' does not exist on type 'never'.
../../packages/core/features/occupation-assessment/OccupationAssessmentWizard.tsx(31,33): error TS2339: Property 'saveCareerAssessment' does not exist on type 'never'.
../../packages/core/features/occupation-assessment/OccupationAssessmentWizard.tsx(34,18): error TS2339: Property 'getOccupationStatus' does not exist on type 'never'.
../../packages/core/features/office/applications/components/ApplicationsKanbanBoard.tsx(90,53): error TS2339: Property 'getByApplication' does not exist on type 'never'.
../../packages/core/features/office/applications/components/ApplicationStatusChangeModal.tsx(50,46): error TS2339: Property 'createSuccessFee' does not exist on type 'never'.
../../packages/core/features/office/applications/components/ApplicationStatusChangeModal.tsx(51,57): error TS2339: Property 'confirmUpfrontPayment' does not exist on type 'never'.
../../packages/core/features/office/applications/components/ApplicationStatusChangeModal.tsx(87,49): error TS2339: Property 'getStatusByApplication' does not exist on type 'never'.
../../packages/core/features/office/applications/components/ApplicationStatusChangeModal.tsx(378,26): error TS2339: Property 'getStatusByApplication' does not exist on type 'never'.
../../packages/core/features/office/applications/components/CandidateDetailModal.tsx(18,45): error TS2344: Type 'CreateRouterInner<RootConfig<{ ctx: Context; meta: object; errorShape: DefaultErrorShape; transformer: DefaultDataTransformer; }>, { ...; }>' does not satisfy the constraint 'AnyRouter'.
  Types of property '_def' are incompatible.
    Property 'lazy' is missing in type 'RouterDef<RootConfig<{ ctx: Context; meta: object; errorShape: DefaultErrorShape; transformer: DefaultDataTransformer; }>, { ...; }, { ...; }>' but required in type 'RouterDef<any, any>'.
../../packages/core/features/office/applications/components/CandidateDetailModal.tsx(20,46): error TS2344: Type 'CreateRouterInner<RootConfig<{ ctx: Context; meta: object; errorShape: DefaultErrorShape; transformer: DefaultDataTransformer; }>, { ...; }>' does not satisfy the constraint 'AnyRouter'.
  Types of property '_def' are incompatible.
    Property 'lazy' is missing in type 'RouterDef<RootConfig<{ ctx: Context; meta: object; errorShape: DefaultErrorShape; transformer: DefaultDataTransformer; }>, { ...; }, { ...; }>' but required in type 'RouterDef<any, any>'.
../../packages/core/features/office/applications/components/CandidateDetailModal.tsx(25,26): error TS2339: Property 'application_id' does not exist on type 'never'.
../../packages/core/features/office/applications/components/CandidateDetailModal.tsx(26,28): error TS2339: Property 'employment_type' does not exist on type 'never'.
../../packages/core/features/office/applications/components/CandidateDetailModal.tsx(27,37): error TS2339: Property 'employment_type_negotiable' does not exist on type 'never'.
../../packages/core/features/office/applications/components/CandidateDetailModal.tsx(28,26): error TS2339: Property 'work_schedule' does not exist on type 'never'.
../../packages/core/features/office/applications/components/CandidateDetailModal.tsx(29,35): error TS2339: Property 'work_schedule_negotiable' does not exist on type 'never'.
../../packages/core/features/office/applications/components/CandidateDetailModal.tsx(30,27): error TS2339: Property 'schedule_shifts' does not exist on type 'never'.
../../packages/core/features/office/applications/components/CandidateDetailModal.tsx(31,30): error TS2339: Property 'working_hours_start' does not exist on type 'never'.
../../packages/core/features/office/applications/components/CandidateDetailModal.tsx(32,28): error TS2339: Property 'working_hours_end' does not exist on type 'never'.
../../packages/core/features/office/applications/components/CandidateDetailModal.tsx(33,33): error TS2339: Property 'working_hours_timezone' does not exist on type 'never'.
../../packages/core/features/office/applications/components/CandidateDetailModal.tsx(34,35): error TS2339: Property 'working_hours_negotiable' does not exist on type 'never'.
../../packages/core/features/office/applications/components/CandidateDetailModal.tsx(35,21): error TS2339: Property 'workdays' does not exist on type 'never'.
../../packages/core/features/office/applications/components/CandidateDetailModal.tsx(36,31): error TS2339: Property 'workdays_negotiable' does not exist on type 'never'.
../../packages/core/features/office/applications/components/CandidateDetailModal.tsx(37,32): error TS2339: Property 'employment_start_date' does not exist on type 'never'.
../../packages/core/features/office/applications/components/CandidateDetailModal.tsx(38,30): error TS2339: Property 'employment_end_date' does not exist on type 'never'.
../../packages/core/features/office/applications/components/CandidateDetailModal.tsx(39,38): error TS2339: Property 'employment_dates_negotiable' does not exist on type 'never'.
../../packages/core/features/office/applications/components/CandidateDetailModal.tsx(40,22): error TS2339: Property 'rate_type' does not exist on type 'never'.
../../packages/core/features/office/applications/components/CandidateDetailModal.tsx(41,25): error TS2339: Property 'rate_min_cents' does not exist on type 'never'.
../../packages/core/features/office/applications/components/CandidateDetailModal.tsx(42,25): error TS2339: Property 'rate_max_cents' does not exist on type 'never'.
../../packages/core/features/office/applications/components/CandidateDetailModal.tsx(43,27): error TS2339: Property 'rate_negotiable' does not exist on type 'never'.
../../packages/core/features/office/applications/components/CandidateDetailModal.tsx(44,30): error TS2339: Property 'endurance_required' does not exist on type 'never'.
../../packages/core/features/office/applications/components/CandidateDetailModal.tsx(45,28): error TS2339: Property 'willing_to_travel' does not exist on type 'never'.
../../packages/core/features/office/applications/components/CandidateDetailModal.tsx(46,32): error TS2339: Property 'travel_distance_miles' does not exist on type 'never'.
../../packages/core/features/office/applications/components/CandidateDetailModal.tsx(47,34): error TS2339: Property 'willing_to_work_overtime' does not exist on type 'never'.
../../packages/core/features/office/applications/components/CandidateDetailModal.tsx(48,30): error TS2339: Property 'has_drivers_license' does not exist on type 'never'.
../../packages/core/features/office/applications/components/CandidateDetailModal.tsx(49,28): error TS2339: Property 'additional_notes' does not exist on type 'never'.
../../packages/core/features/office/applications/components/CandidateDetailModal.tsx(66,49): error TS2339: Property 'getStatusByApplication' does not exist on type 'never'.
../../packages/core/features/office/applications/components/CandidateDetailModal.tsx(80,44): error TS2339: Property 'getUserContactInfo' does not exist on type 'never'.
../../packages/core/features/office/applications/components/CandidateDetailModal.tsx(99,19): error TS2339: Property 'getByApplication' does not exist on type 'never'.
../../packages/core/features/office/applications/components/CandidateDetailModal.tsx(128,34): error TS2339: Property 'members' does not exist on type 'never'.
../../packages/core/features/office/applications/components/CandidateDetailModal.tsx(136,56): error TS2339: Property 'user' does not exist on type 'never'.
../../packages/core/features/office/applications/components/CandidateDetailModal.tsx(138,20): error TS2339: Property 'user' does not exist on type 'never'.
../../packages/core/features/office/applications/components/CandidateDetailModal.tsx(140,18): error TS2339: Property 'user' does not exist on type 'never'.
../../packages/core/features/office/applications/components/CandidateDetailModal.tsx(141,18): error TS2339: Property 'user' does not exist on type 'never'.
../../packages/core/features/office/applications/components/CandidateDetailModal.tsx(142,26): error TS2339: Property 'user' does not exist on type 'never'.
../../packages/core/features/office/applications/components/CandidateDetailModal.tsx(146,36): error TS2339: Property 'applications' does not exist on type 'never'.
../../packages/core/features/office/applications/components/CandidateDetailModal.tsx(152,27): error TS2339: Property 'analytics' does not exist on type 'never'.
../../packages/core/features/office/applications/components/CandidateDetailModal.tsx(153,27): error TS2339: Property 'analytics' does not exist on type 'never'.
../../packages/core/features/office/applications/components/CandidateDetailModal.tsx(174,35): error TS2345: Argument of type 'any' is not assignable to parameter of type 'never'.
../../packages/core/features/office/applications/components/CandidateDetailModal.tsx(178,27): error TS2339: Property 'getByApplication' does not exist on type 'never'.
../../packages/core/features/office/applications/components/CandidateDetailModal.tsx(371,15): error TS2322: Type 'any' is not assignable to type 'never'.
../../packages/core/features/office/applications/components/InquiryTab.tsx(9,22): error TS2344: Type 'CreateRouterInner<RootConfig<{ ctx: Context; meta: object; errorShape: DefaultErrorShape; transformer: DefaultDataTransformer; }>, { ...; }>' does not satisfy the constraint 'AnyRouter'.
  Types of property '_def' are incompatible.
    Property 'lazy' is missing in type 'RouterDef<RootConfig<{ ctx: Context; meta: object; errorShape: DefaultErrorShape; transformer: DefaultDataTransformer; }>, { ...; }, { ...; }>' but required in type 'RouterDef<any, any>'.
../../packages/core/features/office/applications/components/InquiryTab.tsx(43,28): error TS2339: Property 'id' does not exist on type 'never'.
../../packages/core/features/office/applications/components/InquiryTab.tsx(48,50): error TS2339: Property 'id' does not exist on type 'never'.
../../packages/core/features/office/applications/hooks/useApplications.ts(5,41): error TS2344: Type 'CreateRouterInner<RootConfig<{ ctx: Context; meta: object; errorShape: DefaultErrorShape; transformer: DefaultDataTransformer; }>, { ...; }>' does not satisfy the constraint 'AnyRouter'.
  Types of property '_def' are incompatible.
    Property 'lazy' is missing in type 'RouterDef<RootConfig<{ ctx: Context; meta: object; errorShape: DefaultErrorShape; transformer: DefaultDataTransformer; }>, { ...; }, { ...; }>' but required in type 'RouterDef<any, any>'.
../../packages/core/features/office/applications/hooks/useApplications.ts(19,28): error TS2339: Property 'listApplications' does not exist on type 'never'.
../../packages/core/features/office/applications/hooks/useApplications.ts(48,34): error TS2339: Property 'getById' does not exist on type 'never'.
../../packages/core/features/office/applications/hooks/useApplications.ts(70,37): error TS2339: Property 'update' does not exist on type 'never'.
../../packages/core/features/office/applications/hooks/useApplications.ts(73,26): error TS2339: Property 'getUserApplications' does not exist on type 'never'.
../../packages/core/features/office/applications/hooks/useApplications.ts(92,37): error TS2339: Property 'withdraw' does not exist on type 'never'.
../../packages/core/features/office/applications/hooks/useApplications.ts(94,26): error TS2339: Property 'getUserApplications' does not exist on type 'never'.
../../packages/core/features/office/applications/hooks/useApplications.ts(113,37): error TS2339: Property 'submit' does not exist on type 'never'.
../../packages/core/features/office/applications/hooks/useApplications.ts(115,26): error TS2339: Property 'getUserApplications' does not exist on type 'never'.
../../packages/core/features/office/applications/hooks/useApplications.ts(134,37): error TS2339: Property 'updateStep' does not exist on type 'never'.
../../packages/core/features/office/applications/hooks/useApplications.ts(137,26): error TS2339: Property 'getById' does not exist on type 'never'.
../../packages/core/features/office/applications/hooks/useApplications.ts(154,37): error TS2339: Property 'getUploadUrl' does not exist on type 'never'.
../../packages/core/features/office/applications/hooks/useApplications.ts(171,37): error TS2339: Property 'confirmUpload' does not exist on type 'never'.
../../packages/core/features/office/applications/hooks/useApplications.ts(174,26): error TS2339: Property 'getById' does not exist on type 'never'.
../../packages/core/features/office/applications/hooks/useApplications.ts(175,26): error TS2339: Property 'getUserApplications' does not exist on type 'never'.
../../packages/core/features/office/applications/hooks/useApplications.ts(194,37): error TS2339: Property 'calculateScore' does not exist on type 'never'.
../../packages/core/features/office/applications/hooks/useApplications.ts(197,26): error TS2339: Property 'getUserApplications' does not exist on type 'never'.
../../packages/core/features/office/applications/hooks/useApplicationStatusChange.ts(39,43): error TS2339: Property 'update' does not exist on type 'never'.
../../packages/core/features/office/applications/hooks/useApplicationStatusChange.ts(42,26): error TS2339: Property 'getUserApplications' does not exist on type 'never'.
../../packages/core/features/office/applications/office-applications-screen.tsx(64,27): error TS2339: Property 'job' does not exist on type 'never'.
../../packages/core/features/office/applications/office-applications-screen.tsx(97,17): error TS2339: Property 'id' does not exist on type 'never'.
../../packages/core/features/office/applications/office-applications-screen.tsx(98,31): error TS2339: Property 'status' does not exist on type 'never'.
../../packages/core/features/office/applications/office-applications-screen.tsx(99,24): error TS2339: Property 'applied_at' does not exist on type 'never'.
../../packages/core/features/office/applications/office-applications-screen.tsx(100,24): error TS2339: Property 'updated_at' does not exist on type 'never'.
../../packages/core/features/office/applications/office-applications-screen.tsx(101,20): error TS2339: Property 'application_score' does not exist on type 'never'.
../../packages/core/features/office/applications/office-applications-screen.tsx(102,27): error TS2339: Property 'auto_rejected' does not exist on type 'never'.
../../packages/core/features/office/applications/office-applications-screen.tsx(104,32): error TS2339: Property 'current_location' does not exist on type 'never'.
../../packages/core/features/office/applications/office-applications-screen.tsx(105,34): error TS2339: Property 'willing_to_relocate' does not exist on type 'never'.
../../packages/core/features/office/applications/office-applications-screen.tsx(106,32): error TS2339: Property 'years_experience' does not exist on type 'never'.
../../packages/core/features/office/applications/office-applications-screen.tsx(107,35): error TS2339: Property 'is_authorized_to_work' does not exist on type 'never'.
../../packages/core/features/office/applications/office-applications-screen.tsx(108,34): error TS2339: Property 'earliest_start_date' does not exist on type 'never'.
../../packages/core/features/office/applications/office-applications-screen.tsx(110,29): error TS2339: Property 'custom_question_answers' does not exist on type 'never'.
../../packages/core/features/office/applications/office-applications-screen.tsx(116,26): error TS2339: Property 'attachments' does not exist on type 'never'.
../../packages/core/features/office/applications/office-applications-screen.tsx(121,19): error TS2339: Property 'candidate_id' does not exist on type 'never'.
../../packages/core/features/office/applications/office-applications-screen.tsx(121,39): error TS2339: Property 'user_id' does not exist on type 'never'.
../../packages/core/features/office/applications/office-applications-screen.tsx(122,21): error TS2339: Property 'candidate_name' does not exist on type 'never'.
../../packages/core/features/office/applications/office-applications-screen.tsx(125,22): error TS2339: Property 'profile_about' does not exist on type 'never'.
../../packages/core/features/office/applications/office-applications-screen.tsx(125,42): error TS2339: Property 'profile_about' does not exist on type 'never'.
../../packages/core/features/office/applications/office-applications-screen.tsx(126,22): error TS2339: Property 'profile_avatar_path' does not exist on type 'never'.
../../packages/core/features/office/applications/office-applications-screen.tsx(127,25): error TS2339: Property 'current_location' does not exist on type 'never'.
../../packages/core/features/office/applications/office-applications-screen.tsx(128,32): error TS2339: Property 'years_experience' does not exist on type 'never'.
../../packages/core/features/office/applications/office-applications-screen.tsx(134,19): error TS2339: Property 'job_id' does not exist on type 'never'.
../../packages/core/features/office/applications/office-applications-screen.tsx(135,22): error TS2339: Property 'job_title' does not exist on type 'never'.
../../packages/core/features/office/applications/office-applications-screen.tsx(137,25): error TS2339: Property 'job_location' does not exist on type 'never'.
../../packages/core/features/office/applications/office-applications-screen.tsx(151,27): error TS2339: Property 'user_id' does not exist on type 'never'.
../../packages/core/features/office/components/__tests__/JobsKanbanBoard.test.tsx(150,31): error TS2322: Type '({ id: string; title: string; status: "draft"; organization: { id: string; name: string; }; location: string; created_at: string; posted_at: null; pay_range_min_cents: null; pay_range_max_cents: null; pay_range_type: null; teamAssignments: never[]; team: null; } | { ...; } | { ...; })[]' is not assignable to type 'never[]'.
  Type '{ id: string; title: string; status: "draft"; organization: { id: string; name: string; }; location: string; created_at: string; posted_at: null; pay_range_min_cents: null; pay_range_max_cents: null; pay_range_type: null; teamAssignments: never[]; team: null; } | { ...; } | { ...; }' is not assignable to type 'never'.
    Type '{ id: string; title: string; status: "draft"; organization: { id: string; name: string; }; location: string; created_at: string; posted_at: null; pay_range_min_cents: null; pay_range_max_cents: null; pay_range_type: null; teamAssignments: never[]; team: null; }' is not assignable to type 'never'.
../../packages/core/features/office/components/__tests__/JobsKanbanBoard.test.tsx(159,31): error TS2322: Type '({ id: string; title: string; status: "draft"; organization: { id: string; name: string; }; location: string; created_at: string; posted_at: null; pay_range_min_cents: null; pay_range_max_cents: null; pay_range_type: null; teamAssignments: never[]; team: null; } | { ...; } | { ...; })[]' is not assignable to type 'never[]'.
  Type '{ id: string; title: string; status: "draft"; organization: { id: string; name: string; }; location: string; created_at: string; posted_at: null; pay_range_min_cents: null; pay_range_max_cents: null; pay_range_type: null; teamAssignments: never[]; team: null; } | { ...; } | { ...; }' is not assignable to type 'never'.
    Type '{ id: string; title: string; status: "draft"; organization: { id: string; name: string; }; location: string; created_at: string; posted_at: null; pay_range_min_cents: null; pay_range_max_cents: null; pay_range_type: null; teamAssignments: never[]; team: null; }' is not assignable to type 'never'.
../../packages/core/features/office/components/__tests__/JobsKanbanBoard.test.tsx(168,31): error TS2322: Type '({ id: string; title: string; status: "draft"; organization: { id: string; name: string; }; location: string; created_at: string; posted_at: null; pay_range_min_cents: null; pay_range_max_cents: null; pay_range_type: null; teamAssignments: never[]; team: null; } | { ...; } | { ...; })[]' is not assignable to type 'never[]'.
  Type '{ id: string; title: string; status: "draft"; organization: { id: string; name: string; }; location: string; created_at: string; posted_at: null; pay_range_min_cents: null; pay_range_max_cents: null; pay_range_type: null; teamAssignments: never[]; team: null; } | { ...; } | { ...; }' is not assignable to type 'never'.
    Type '{ id: string; title: string; status: "draft"; organization: { id: string; name: string; }; location: string; created_at: string; posted_at: null; pay_range_min_cents: null; pay_range_max_cents: null; pay_range_type: null; teamAssignments: never[]; team: null; }' is not assignable to type 'never'.
../../packages/core/features/office/components/__tests__/JobsKanbanBoard.test.tsx(195,31): error TS2322: Type '({ id: string; title: string; status: "draft"; organization: { id: string; name: string; }; location: string; created_at: string; posted_at: null; pay_range_min_cents: null; pay_range_max_cents: null; pay_range_type: null; teamAssignments: never[]; team: null; } | { ...; } | { ...; })[]' is not assignable to type 'never[]'.
  Type '{ id: string; title: string; status: "draft"; organization: { id: string; name: string; }; location: string; created_at: string; posted_at: null; pay_range_min_cents: null; pay_range_max_cents: null; pay_range_type: null; teamAssignments: never[]; team: null; } | { ...; } | { ...; }' is not assignable to type 'never'.
    Type '{ id: string; title: string; status: "draft"; organization: { id: string; name: string; }; location: string; created_at: string; posted_at: null; pay_range_min_cents: null; pay_range_max_cents: null; pay_range_type: null; teamAssignments: never[]; team: null; }' is not assignable to type 'never'.
../../packages/core/features/office/components/__tests__/JobsKanbanBoard.test.tsx(205,31): error TS2322: Type '({ id: string; title: string; status: "draft"; organization: { id: string; name: string; }; location: string; created_at: string; posted_at: null; pay_range_min_cents: null; pay_range_max_cents: null; pay_range_type: null; teamAssignments: never[]; team: null; } | { ...; } | { ...; })[]' is not assignable to type 'never[]'.
  Type '{ id: string; title: string; status: "draft"; organization: { id: string; name: string; }; location: string; created_at: string; posted_at: null; pay_range_min_cents: null; pay_range_max_cents: null; pay_range_type: null; teamAssignments: never[]; team: null; } | { ...; } | { ...; }' is not assignable to type 'never'.
    Type '{ id: string; title: string; status: "draft"; organization: { id: string; name: string; }; location: string; created_at: string; posted_at: null; pay_range_min_cents: null; pay_range_max_cents: null; pay_range_type: null; teamAssignments: never[]; team: null; }' is not assignable to type 'never'.
../../packages/core/features/office/components/__tests__/JobsKanbanBoard.test.tsx(211,31): error TS2322: Type '({ id: string; title: string; status: "draft"; organization: { id: string; name: string; }; location: string; created_at: string; posted_at: null; pay_range_min_cents: null; pay_range_max_cents: null; pay_range_type: null; teamAssignments: never[]; team: null; } | { ...; } | { ...; })[]' is not assignable to type 'never[]'.
  Type '{ id: string; title: string; status: "draft"; organization: { id: string; name: string; }; location: string; created_at: string; posted_at: null; pay_range_min_cents: null; pay_range_max_cents: null; pay_range_type: null; teamAssignments: never[]; team: null; } | { ...; } | { ...; }' is not assignable to type 'never'.
    Type '{ id: string; title: string; status: "draft"; organization: { id: string; name: string; }; location: string; created_at: string; posted_at: null; pay_range_min_cents: null; pay_range_max_cents: null; pay_range_type: null; teamAssignments: never[]; team: null; }' is not assignable to type 'never'.
../../packages/core/features/office/components/__tests__/JobsKanbanBoard.test.tsx(217,31): error TS2322: Type '({ id: string; title: string; status: "draft"; organization: { id: string; name: string; }; location: string; created_at: string; posted_at: null; pay_range_min_cents: null; pay_range_max_cents: null; pay_range_type: null; teamAssignments: never[]; team: null; } | { ...; } | { ...; })[]' is not assignable to type 'never[]'.
  Type '{ id: string; title: string; status: "draft"; organization: { id: string; name: string; }; location: string; created_at: string; posted_at: null; pay_range_min_cents: null; pay_range_max_cents: null; pay_range_type: null; teamAssignments: never[]; team: null; } | { ...; } | { ...; }' is not assignable to type 'never'.
    Type '{ id: string; title: string; status: "draft"; organization: { id: string; name: string; }; location: string; created_at: string; posted_at: null; pay_range_min_cents: null; pay_range_max_cents: null; pay_range_type: null; teamAssignments: never[]; team: null; }' is not assignable to type 'never'.
../../packages/core/features/office/components/__tests__/JobsKanbanBoard.test.tsx(235,31): error TS2322: Type '({ id: string; title: string; status: "draft"; organization: { id: string; name: string; }; location: string; created_at: string; posted_at: null; pay_range_min_cents: null; pay_range_max_cents: null; pay_range_type: null; teamAssignments: never[]; team: null; } | { ...; } | { ...; })[]' is not assignable to type 'never[]'.
  Type '{ id: string; title: string; status: "draft"; organization: { id: string; name: string; }; location: string; created_at: string; posted_at: null; pay_range_min_cents: null; pay_range_max_cents: null; pay_range_type: null; teamAssignments: never[]; team: null; } | { ...; } | { ...; }' is not assignable to type 'never'.
    Type '{ id: string; title: string; status: "draft"; organization: { id: string; name: string; }; location: string; created_at: string; posted_at: null; pay_range_min_cents: null; pay_range_max_cents: null; pay_range_type: null; teamAssignments: never[]; team: null; }' is not assignable to type 'never'.
../../packages/core/features/office/components/__tests__/JobsKanbanBoard.test.tsx(246,31): error TS2322: Type '({ id: string; title: string; status: "draft"; organization: { id: string; name: string; }; location: string; created_at: string; posted_at: null; pay_range_min_cents: null; pay_range_max_cents: null; pay_range_type: null; teamAssignments: never[]; team: null; } | { ...; } | { ...; })[]' is not assignable to type 'never[]'.
  Type '{ id: string; title: string; status: "draft"; organization: { id: string; name: string; }; location: string; created_at: string; posted_at: null; pay_range_min_cents: null; pay_range_max_cents: null; pay_range_type: null; teamAssignments: never[]; team: null; } | { ...; } | { ...; }' is not assignable to type 'never'.
    Type '{ id: string; title: string; status: "draft"; organization: { id: string; name: string; }; location: string; created_at: string; posted_at: null; pay_range_min_cents: null; pay_range_max_cents: null; pay_range_type: null; teamAssignments: never[]; team: null; }' is not assignable to type 'never'.
../../packages/core/features/office/components/__tests__/JobsKanbanBoard.test.tsx(280,31): error TS2322: Type '({ id: string; title: string; status: "draft"; organization: { id: string; name: string; }; location: string; created_at: string; posted_at: null; pay_range_min_cents: null; pay_range_max_cents: null; pay_range_type: null; teamAssignments: never[]; team: null; } | { ...; } | { ...; })[]' is not assignable to type 'never[]'.
  Type '{ id: string; title: string; status: "draft"; organization: { id: string; name: string; }; location: string; created_at: string; posted_at: null; pay_range_min_cents: null; pay_range_max_cents: null; pay_range_type: null; teamAssignments: never[]; team: null; } | { ...; } | { ...; }' is not assignable to type 'never'.
    Type '{ id: string; title: string; status: "draft"; organization: { id: string; name: string; }; location: string; created_at: string; posted_at: null; pay_range_min_cents: null; pay_range_max_cents: null; pay_range_type: null; teamAssignments: never[]; team: null; }' is not assignable to type 'never'.
../../packages/core/features/office/components/__tests__/JobsKanbanBoard.test.tsx(304,31): error TS2322: Type '({ id: string; title: string; status: "draft"; organization: { id: string; name: string; }; location: string; created_at: string; posted_at: null; pay_range_min_cents: null; pay_range_max_cents: null; pay_range_type: null; teamAssignments: never[]; team: null; } | { ...; } | { ...; })[]' is not assignable to type 'never[]'.
  Type '{ id: string; title: string; status: "draft"; organization: { id: string; name: string; }; location: string; created_at: string; posted_at: null; pay_range_min_cents: null; pay_range_max_cents: null; pay_range_type: null; teamAssignments: never[]; team: null; } | { ...; } | { ...; }' is not assignable to type 'never'.
    Type '{ id: string; title: string; status: "draft"; organization: { id: string; name: string; }; location: string; created_at: string; posted_at: null; pay_range_min_cents: null; pay_range_max_cents: null; pay_range_type: null; teamAssignments: never[]; team: null; }' is not assignable to type 'never'.
../../packages/core/features/office/components/__tests__/JobsKanbanBoard.test.tsx(311,31): error TS2322: Type '({ id: string; title: string; status: "draft"; organization: { id: string; name: string; }; location: string; created_at: string; posted_at: null; pay_range_min_cents: null; pay_range_max_cents: null; pay_range_type: null; teamAssignments: never[]; team: null; } | { ...; } | { ...; })[]' is not assignable to type 'never[]'.
  Type '{ id: string; title: string; status: "draft"; organization: { id: string; name: string; }; location: string; created_at: string; posted_at: null; pay_range_min_cents: null; pay_range_max_cents: null; pay_range_type: null; teamAssignments: never[]; team: null; } | { ...; } | { ...; }' is not assignable to type 'never'.
    Type '{ id: string; title: string; status: "draft"; organization: { id: string; name: string; }; location: string; created_at: string; posted_at: null; pay_range_min_cents: null; pay_range_max_cents: null; pay_range_type: null; teamAssignments: never[]; team: null; }' is not assignable to type 'never'.
../../packages/core/features/office/components/job-form-sections/SoftSkillsRequirementsSection.tsx(30,59): error TS2339: Property 'getSoftSkillsByCategory' does not exist on type 'never'.
../../packages/core/features/office/components/JobCard.tsx(16,41): error TS2344: Type 'CreateRouterInner<RootConfig<{ ctx: Context; meta: object; errorShape: DefaultErrorShape; transformer: DefaultDataTransformer; }>, { ...; }>' does not satisfy the constraint 'AnyRouter'.
  Types of property '_def' are incompatible.
    Property 'lazy' is missing in type 'RouterDef<RootConfig<{ ctx: Context; meta: object; errorShape: DefaultErrorShape; transformer: DefaultDataTransformer; }>, { ...; }, { ...; }>' but required in type 'RouterDef<any, any>'.
../../packages/core/features/office/components/JobCard.tsx(35,12): error TS2339: Property 'pay_range_min_cents' does not exist on type 'never'.
../../packages/core/features/office/components/JobCard.tsx(35,40): error TS2339: Property 'pay_range_max_cents' does not exist on type 'never'.
../../packages/core/features/office/components/JobCard.tsx(38,20): error TS2339: Property 'pay_range_min_cents' does not exist on type 'never'.
../../packages/core/features/office/components/JobCard.tsx(39,20): error TS2339: Property 'pay_range_max_cents' does not exist on type 'never'.
../../packages/core/features/office/components/JobCard.tsx(40,20): error TS2339: Property 'pay_range_type' does not exist on type 'never'.
../../packages/core/features/office/components/JobCard.tsx(55,42): error TS2339: Property 'status' does not exist on type 'never'.
../../packages/core/features/office/components/JobCard.tsx(57,37): error TS2339: Property 'posted_at' does not exist on type 'never'.
../../packages/core/features/office/components/JobCard.tsx(58,38): error TS2339: Property 'created_at' does not exist on type 'never'.
../../packages/core/features/office/components/JobCard.tsx(61,27): error TS2339: Property 'teamAssignments' does not exist on type 'never'.
../../packages/core/features/office/components/JobCard.tsx(62,30): error TS2339: Property 'teamAssignments' does not exist on type 'never'.
../../packages/core/features/office/components/JobCard.tsx(64,45): error TS2339: Property 'team' does not exist on type 'never'.
../../packages/core/features/office/components/JobCard.tsx(80,20): error TS2339: Property 'title' does not exist on type 'never'.
../../packages/core/features/office/components/JobCard.tsx(83,16): error TS2339: Property 'organization' does not exist on type 'never'.
../../packages/core/features/office/components/JobCard.tsx(87,22): error TS2339: Property 'organization' does not exist on type 'never'.
../../packages/core/features/office/components/JobCard.tsx(105,33): error TS2339: Property 'status' does not exist on type 'never'.
../../packages/core/features/office/components/JobCard.tsx(123,14): error TS2339: Property 'created_by' does not exist on type 'never'.
../../packages/core/features/office/components/JobCard.tsx(127,24): error TS2339: Property 'created_by' does not exist on type 'never'.
../../packages/core/features/office/components/JobCard.tsx(127,55): error TS2339: Property 'created_by' does not exist on type 'never'.
../../packages/core/features/office/components/JobCard.tsx(134,14): error TS2339: Property 'location' does not exist on type 'never'.
../../packages/core/features/office/components/JobCard.tsx(138,20): error TS2339: Property 'location' does not exist on type 'never'.
../../packages/core/features/office/components/JobCard.tsx(142,14): error TS2339: Property 'remote_option' does not exist on type 'never'.
../../packages/core/features/office/components/JobCard.tsx(144,18): error TS2339: Property 'remote_option' does not exist on type 'never'.
../../packages/core/features/office/components/JobCard.tsx(147,14): error TS2339: Property 'employment_type' does not exist on type 'never'.
../../packages/core/features/office/components/JobCard.tsx(149,18): error TS2339: Property 'employment_type' does not exist on type 'never'.
../../packages/core/features/office/components/JobForm.tsx(259,66): error TS2339: Property 'list' does not exist on type 'never'.
../../packages/core/features/office/components/JobForm.tsx(368,32): error TS2339: Property 'createJob' does not exist on type 'never'.
../../packages/core/features/office/components/JobForm.tsx(380,32): error TS2339: Property 'updateJob' does not exist on type 'never'.
../../packages/core/features/office/components/JobForm.tsx(471,50): error TS2339: Property 'skills' does not exist on type 'never'.
../../packages/core/features/office/components/JobForm.tsx(473,17): error TS2339: Property 'skillsMultiTaxonomy' does not exist on type 'never'.
../../packages/core/features/office/components/JobForm.tsx(474,48): error TS2339: Property 'searchCertifications' does not exist on type 'never'.
../../packages/core/features/office/components/JobFormSimple.tsx(45,32): error TS2339: Property 'createJob' does not exist on type 'never'.
../../packages/core/features/office/components/JobFormSimple.tsx(57,32): error TS2339: Property 'updateJob' does not exist on type 'never'.
../../packages/core/features/office/components/JobPreviewModal.tsx(58,42): error TS2339: Property 'getJob' does not exist on type 'never'.
../../packages/core/features/office/components/JobsKanbanBoard.tsx(14,41): error TS2344: Type 'CreateRouterInner<RootConfig<{ ctx: Context; meta: object; errorShape: DefaultErrorShape; transformer: DefaultDataTransformer; }>, { ...; }>' does not satisfy the constraint 'AnyRouter'.
  Types of property '_def' are incompatible.
    Property 'lazy' is missing in type 'RouterDef<RootConfig<{ ctx: Context; meta: object; errorShape: DefaultErrorShape; transformer: DefaultDataTransformer; }>, { ...; }, { ...; }>' but required in type 'RouterDef<any, any>'.
../../packages/core/features/office/components/JobsKanbanBoard.tsx(45,40): error TS2339: Property 'updateJob' does not exist on type 'never'.
../../packages/core/features/office/components/JobsKanbanBoard.tsx(70,48): error TS2339: Property 'status' does not exist on type 'never'.
../../packages/core/features/office/components/JobsKanbanBoard.tsx(91,36): error TS2339: Property 'id' does not exist on type 'never'.
../../packages/core/features/office/components/JobsKanbanBoard.tsx(92,21): error TS2339: Property 'status' does not exist on type 'never'.
../../packages/core/features/office/components/JobsKanbanBoard.tsx(107,66): error TS2339: Property 'id' does not exist on type 'never'.
../../packages/core/features/office/components/JobsKanbanBoard.tsx(111,55): error TS2339: Property 'id' does not exist on type 'never'.
../../packages/core/features/office/components/JobsKanbanBoard.tsx(158,63): error TS2339: Property 'id' does not exist on type 'never'.
../../packages/core/features/office/components/JobsKanbanBoard.tsx(200,39): error TS2339: Property 'id' does not exist on type 'never'.
../../packages/core/features/office/components/JobsKanbanBoard.tsx(200,51): error TS2339: Property 'id' does not exist on type 'never'.
../../packages/core/features/office/components/OrganizationForm.tsx(137,43): error TS2339: Property 'checkOrganizationSlug' does not exist on type 'never'.
../../packages/core/features/office/components/OrganizationForm.tsx(187,37): error TS2339: Property 'createOrganization' does not exist on type 'never'.
../../packages/core/features/office/components/OrganizationForm.tsx(197,37): error TS2339: Property 'updateOrganization' does not exist on type 'never'.
../../packages/core/features/office/components/OrganizationProjectPrivacySettings.tsx(37,58): error TS2339: Property 'getOrganization' does not exist on type 'never'.
../../packages/core/features/office/components/OrganizationProjectPrivacySettings.tsx(42,61): error TS2339: Property 'getProjectsWithOverrides' does not exist on type 'never'.
../../packages/core/features/office/components/OrganizationProjectPrivacySettings.tsx(49,44): error TS2339: Property 'updateLocationVisibility' does not exist on type 'never'.
../../packages/core/features/office/components/TeamSettingsForm.tsx(109,36): error TS2339: Property 'update' does not exist on type 'never'.
../../packages/core/features/office/components/TeamSettingsForm.tsx(119,25): error TS2339: Property 'byId' does not exist on type 'never'.
../../packages/core/features/office/components/UserForm.tsx(55,41): error TS2339: Property 'updateUser' does not exist on type 'never'.
../../packages/core/features/office/components/UserForm.tsx(57,20): error TS2339: Property 'getUser' does not exist on type 'never'.
../../packages/core/features/office/components/UserForm.tsx(58,20): error TS2339: Property 'listUsers' does not exist on type 'never'.
../../packages/core/features/office/legal/OfficeViolationReports.tsx(12,22): error TS2344: Type 'CreateRouterInner<RootConfig<{ ctx: Context; meta: object; errorShape: DefaultErrorShape; transformer: DefaultDataTransformer; }>, { ...; }>' does not satisfy the constraint 'AnyRouter'.
  Types of property '_def' are incompatible.
    Property 'lazy' is missing in type 'RouterDef<RootConfig<{ ctx: Context; meta: object; errorShape: DefaultErrorShape; transformer: DefaultDataTransformer; }>, { ...; }, { ...; }>' but required in type 'RouterDef<any, any>'.
../../packages/core/features/office/legal/OfficeViolationReports.tsx(49,44): error TS2339: Property 'listViolationReports' does not exist on type 'never'.
../../packages/core/features/office/legal/OfficeViolationReports.tsx(53,46): error TS2339: Property 'updateViolationReport' does not exist on type 'never'.
../../packages/core/features/office/legal/OfficeViolationReports.tsx(61,29): error TS2345: Argument of type 'string' is not assignable to parameter of type 'AccessorFn<never>'.
../../packages/core/features/office/legal/OfficeViolationReports.tsx(63,34): error TS2769: No overload matches this call.
  Overload 1 of 4, '(value: string | number | Date): Date', gave the following error.
    Argument of type 'unknown' is not assignable to parameter of type 'string | number | Date'.
  Overload 2 of 4, '(value: string | number): Date', gave the following error.
    Argument of type 'unknown' is not assignable to parameter of type 'string | number'.
../../packages/core/features/office/legal/OfficeViolationReports.tsx(65,29): error TS2345: Argument of type 'string' is not assignable to parameter of type 'AccessorFn<never>'.
../../packages/core/features/office/legal/OfficeViolationReports.tsx(69,29): error TS2345: Argument of type 'string' is not assignable to parameter of type 'AccessorFn<never>'.
../../packages/core/features/office/legal/OfficeViolationReports.tsx(73,29): error TS2345: Argument of type 'string' is not assignable to parameter of type 'AccessorFn<never>'.
../../packages/core/features/office/legal/OfficeViolationReports.tsx(77,29): error TS2345: Argument of type 'string' is not assignable to parameter of type 'AccessorFn<never>'.
../../packages/core/features/office/legal/OfficeViolationReports.tsx(79,45): error TS2345: Argument of type 'unknown' is not assignable to parameter of type 'string'.
../../packages/core/features/office/legal/OfficeViolationReports.tsx(81,29): error TS2345: Argument of type 'string' is not assignable to parameter of type 'AccessorFn<never>'.
../../packages/core/features/office/legal/OfficeViolationReports.tsx(89,29): error TS2345: Argument of type 'string' is not assignable to parameter of type 'AccessorFn<never>'.
../../packages/core/features/office/legal/OfficeViolationReports.tsx(94,41): error TS2345: Argument of type 'unknown' is not assignable to parameter of type 'string'.
../../packages/core/features/office/legal/OfficeViolationReports.tsx(95,29): error TS2345: Argument of type 'unknown' is not assignable to parameter of type 'string'.
../../packages/core/features/office/legal/OfficeViolationReports.tsx(100,29): error TS2345: Argument of type 'string' is not assignable to parameter of type 'AccessorFn<never>'.
../../packages/core/features/office/legal/OfficeViolationReports.tsx(104,19): error TS2339: Property 'status' does not exist on type 'never'.
../../packages/core/features/office/office-certifications-left.tsx(99,37): error TS2339: Property 'createCertification' does not exist on type 'never'.
../../packages/core/features/office/office-certifications-left.tsx(115,37): error TS2339: Property 'updateCertification' does not exist on type 'never'.
../../packages/core/features/office/office-cms-create.tsx(11,31): error TS2339: Property 'createWelcomeSlide' does not exist on type 'never'.
../../packages/core/features/office/office-cms-edit.tsx(13,39): error TS2339: Property 'getWelcomeSlide' does not exist on type 'never'.
../../packages/core/features/office/office-cms-edit.tsx(14,31): error TS2339: Property 'updateWelcomeSlide' does not exist on type 'never'.
../../packages/core/features/office/office-cms-list.tsx(12,48): error TS2339: Property 'listWelcomeSlides' does not exist on type 'never'.
../../packages/core/features/office/office-cms-list.tsx(16,31): error TS2339: Property 'deleteWelcomeSlide' does not exist on type 'never'.
../../packages/core/features/office/office-cms-list.tsx(22,32): error TS2339: Property 'updateWelcomeSlide' does not exist on type 'never'.
../../packages/core/features/office/office-jobs-list.tsx(139,66): error TS2339: Property 'list' does not exist on type 'never'.
../../packages/core/features/office/office-jobs-list.tsx(144,50): error TS2339: Property 'getOrganizations' does not exist on type 'never'.
../../packages/core/features/office/office-jobs-list.tsx(146,51): error TS2339: Property 'listJobs' does not exist on type 'never'.
../../packages/core/features/office/office-jobs-list.tsx(154,37): error TS2339: Property 'deleteJob' does not exist on type 'never'.
../../packages/core/features/office/office-jobs-list.tsx(160,40): error TS2339: Property 'duplicateJob' does not exist on type 'never'.
../../packages/core/features/office/office-jobs-list.tsx(370,32): error TS2322: Type 'any[]' is not assignable to type 'never[]'.
  Type 'any' is not assignable to type 'never'.
../../packages/core/features/office/office-notifications-console.tsx(72,45): error TS2339: Property 'admin' does not exist on type 'never'.
../../packages/core/features/office/office-notifications-console.tsx(76,41): error TS2339: Property 'admin' does not exist on type 'never'.
../../packages/core/features/office/office-organizations-list.tsx(102,51): error TS2339: Property 'listOrganizations' does not exist on type 'never'.
../../packages/core/features/office/office-organizations-list.tsx(111,18): error TS2339: Property 'listOrganizationRequests' does not exist on type 'never'.
../../packages/core/features/office/office-organizations-list.tsx(116,37): error TS2339: Property 'deleteOrganization' does not exist on type 'never'.
../../packages/core/features/office/office-organizations-list.tsx(122,37): error TS2339: Property 'reviewOrganizationRequest' does not exist on type 'never'.
../../packages/core/features/office/office-storage-dashboard.tsx(11,44): error TS2344: Type 'CreateRouterInner<RootConfig<{ ctx: Context; meta: object; errorShape: DefaultErrorShape; transformer: DefaultDataTransformer; }>, { ...; }>' does not satisfy the constraint 'AnyRouter'.
  Types of property '_def' are incompatible.
    Property 'lazy' is missing in type 'RouterDef<RootConfig<{ ctx: Context; meta: object; errorShape: DefaultErrorShape; transformer: DefaultDataTransformer; }>, { ...; }, { ...; }>' but required in type 'RouterDef<any, any>'.
../../packages/core/features/office/office-storage-dashboard.tsx(50,37): error TS2339: Property 'storage' does not exist on type 'never'.
../../packages/core/features/office/office-storage-dashboard.tsx(56,9): error TS2322: Type 'any' is not assignable to type 'never'.
../../packages/core/features/office/office-storage-dashboard.tsx(56,61): error TS2339: Property 'topUsers' does not exist on type 'never'.
../../packages/core/features/office/office-storage-dashboard.tsx(59,18): error TS2339: Property 'length' does not exist on type 'never'.
../../packages/core/features/office/office-storage-dashboard.tsx(63,21): error TS2339: Property 'map' does not exist on type 'never'.
../../packages/core/features/office/office-storage-dashboard.tsx(65,14): error TS2339: Property 'displayName' does not exist on type 'never'.
../../packages/core/features/office/office-storage-dashboard.tsx(65,42): error TS2339: Property 'username' does not exist on type 'never'.
../../packages/core/features/office/office-storage-dashboard.tsx(65,67): error TS2339: Property 'userId' does not exist on type 'never'.
../../packages/core/features/office/office-storage-dashboard.tsx(68,22): error TS2339: Property 'userId' does not exist on type 'never'.
../../packages/core/features/office/office-storage-dashboard.tsx(70,24): error TS2339: Property 'username' does not exist on type 'never'.
../../packages/core/features/office/office-storage-dashboard.tsx(71,26): error TS2339: Property 'totalBytes' does not exist on type 'never'.
../../packages/core/features/office/office-storage-dashboard.tsx(72,28): error TS2339: Property 'workLogBytes' does not exist on type 'never'.
../../packages/core/features/office/office-storage-dashboard.tsx(73,30): error TS2339: Property 'portfolioBytes' does not exist on type 'never'.
../../packages/core/features/office/office-storage-dashboard.tsx(74,34): error TS2339: Property 'certificationBytes' does not exist on type 'never'.
../../packages/core/features/office/office-storage-dashboard.tsx(75,33): error TS2339: Property 'storageLimitBytes' does not exist on type 'never'.
../../packages/core/features/office/office-storage-dashboard.tsx(76,35): error TS2339: Property 'usagePercentOfLimit' does not exist on type 'never'.
../../packages/core/features/office/office-storage-dashboard.tsx(77,25): error TS2339: Property 'updatedAt' does not exist on type 'never'.
../../packages/core/features/office/office-storage-dashboard.tsx(174,29): error TS2339: Property 'totals' does not exist on type 'never'.
../../packages/core/features/office/office-storage-dashboard.tsx(175,33): error TS2339: Property 'breakdown' does not exist on type 'never'.
../../packages/core/features/office/office-storage-dashboard.tsx(281,28): error TS2339: Property 'map' does not exist on type 'never'.
../../packages/core/features/office/office-storage-dashboard.tsx(282,38): error TS2339: Property 'label' does not exist on type 'never'.
../../packages/core/features/office/office-storage-dashboard.tsx(284,53): error TS2339: Property 'label' does not exist on type 'never'.
../../packages/core/features/office/office-storage-dashboard.tsx(286,44): error TS2339: Property 'bytes' does not exist on type 'never'.
../../packages/core/features/office/office-storage-dashboard.tsx(286,75): error TS2339: Property 'percent' does not exist on type 'never'.
../../packages/core/features/office/office-storage-dashboard.tsx(289,44): error TS2339: Property 'percent' does not exist on type 'never'.
../../packages/core/features/office/office-universities-form.tsx(71,37): error TS2339: Property 'universities' does not exist on type 'never'.
../../packages/core/features/office/office-universities-form.tsx(87,37): error TS2339: Property 'universities' does not exist on type 'never'.
../../packages/core/features/office/office-universities-list.tsx(50,51): error TS2339: Property 'universities' does not exist on type 'never'.
../../packages/core/features/office/office-universities-list.tsx(58,37): error TS2339: Property 'universities' does not exist on type 'never'.
../../packages/core/features/office/office-users-list.tsx(73,51): error TS2339: Property 'listUsers' does not exist on type 'never'.
../../packages/core/features/office/office-users-list.tsx(75,37): error TS2339: Property 'deleteUser' does not exist on type 'never'.
../../packages/core/features/office/payments/office-payment-analytics.tsx(11,44): error TS2344: Type 'CreateRouterInner<RootConfig<{ ctx: Context; meta: object; errorShape: DefaultErrorShape; transformer: DefaultDataTransformer; }>, { ...; }>' does not satisfy the constraint 'AnyRouter'.
  Types of property '_def' are incompatible.
    Property 'lazy' is missing in type 'RouterDef<RootConfig<{ ctx: Context; meta: object; errorShape: DefaultErrorShape; transformer: DefaultDataTransformer; }>, { ...; }, { ...; }>' but required in type 'RouterDef<any, any>'.
../../packages/core/features/office/payments/office-payment-analytics.tsx(33,39): error TS2339: Property 'adminGetAnalytics' does not exist on type 'never'.
../../packages/core/features/office/payments/office-payment-analytics.tsx(39,27): error TS2339: Property 'kpis' does not exist on type 'never'.
../../packages/core/features/office/payments/office-payment-analytics.tsx(40,33): error TS2339: Property 'breakdowns' does not exist on type 'never'.
../../packages/core/features/office/payments/office-payment-analytics.tsx(41,34): error TS2339: Property 'failedQueue' does not exist on type 'never'.
../../packages/core/features/office/payments/office-payment-analytics.tsx(45,29): error TS2345: Argument of type 'string' is not assignable to parameter of type 'AccessorFn<never>'.
../../packages/core/features/office/payments/office-payment-analytics.tsx(47,71): error TS2345: Argument of type 'unknown' is not assignable to parameter of type 'string'.
../../packages/core/features/office/payments/office-payment-analytics.tsx(49,29): error TS2345: Argument of type 'string' is not assignable to parameter of type 'AccessorFn<never>'.
../../packages/core/features/office/payments/office-payment-analytics.tsx(51,40): error TS2345: Argument of type 'unknown' is not assignable to parameter of type 'number'.
../../packages/core/features/office/payments/office-payment-analytics.tsx(53,29): error TS2345: Argument of type 'string' is not assignable to parameter of type 'AccessorFn<never>'.
../../packages/core/features/office/payments/office-payment-analytics.tsx(61,29): error TS2345: Argument of type 'string' is not assignable to parameter of type 'AccessorFn<never>'.
../../packages/core/features/office/payments/office-payment-analytics.tsx(68,27): error TS2769: No overload matches this call.
  Overload 1 of 4, '(value: string | number | Date): Date', gave the following error.
    Argument of type '{}' is not assignable to parameter of type 'string | number | Date'.
  Overload 2 of 4, '(value: string | number): Date', gave the following error.
    Argument of type '{}' is not assignable to parameter of type 'string | number'.
../../packages/core/features/office/payments/OfficeTransactionHistory.tsx(13,49): error TS2344: Type 'CreateRouterInner<RootConfig<{ ctx: Context; meta: object; errorShape: DefaultErrorShape; transformer: DefaultDataTransformer; }>, { ...; }>' does not satisfy the constraint 'AnyRouter'.
  Types of property '_def' are incompatible.
    Property 'lazy' is missing in type 'RouterDef<RootConfig<{ ctx: Context; meta: object; errorShape: DefaultErrorShape; transformer: DefaultDataTransformer; }>, { ...; }, { ...; }>' but required in type 'RouterDef<any, any>'.
../../packages/core/features/office/payments/OfficeTransactionHistory.tsx(59,42): error TS2339: Property 'adminListTransactions' does not exist on type 'never'.
../../packages/core/features/office/payments/OfficeTransactionHistory.tsx(84,42): error TS2339: Property 'exportTransactions' does not exist on type 'never'.
../../packages/core/features/office/payments/OfficeTransactionHistory.tsx(127,29): error TS2345: Argument of type 'string' is not assignable to parameter of type 'AccessorFn<never>'.
../../packages/core/features/office/payments/OfficeTransactionHistory.tsx(129,34): error TS2769: No overload matches this call.
  Overload 1 of 4, '(value: string | number | Date): Date', gave the following error.
    Argument of type 'unknown' is not assignable to parameter of type 'string | number | Date'.
  Overload 2 of 4, '(value: string | number): Date', gave the following error.
    Argument of type 'unknown' is not assignable to parameter of type 'string | number'.
../../packages/core/features/office/payments/OfficeTransactionHistory.tsx(131,29): error TS2345: Argument of type 'string' is not assignable to parameter of type 'AccessorFn<never>'.
../../packages/core/features/office/payments/OfficeTransactionHistory.tsx(135,29): error TS2345: Argument of type 'string' is not assignable to parameter of type 'AccessorFn<never>'.
../../packages/core/features/office/payments/OfficeTransactionHistory.tsx(137,47): error TS2345: Argument of type 'unknown' is not assignable to parameter of type 'string'.
../../packages/core/features/office/payments/OfficeTransactionHistory.tsx(139,29): error TS2345: Argument of type 'string' is not assignable to parameter of type 'AccessorFn<never>'.
../../packages/core/features/office/payments/OfficeTransactionHistory.tsx(143,33): error TS2345: Argument of type 'unknown' is not assignable to parameter of type 'number'.
../../packages/core/features/office/payments/OfficeTransactionHistory.tsx(143,54): error TS2339: Property 'currency' does not exist on type 'never'.
../../packages/core/features/office/payments/OfficeTransactionHistory.tsx(146,29): error TS2345: Argument of type 'string' is not assignable to parameter of type 'AccessorFn<never>'.
../../packages/core/features/office/payments/OfficeTransactionHistory.tsx(151,41): error TS2345: Argument of type 'unknown' is not assignable to parameter of type 'string'.
../../packages/core/features/office/payments/OfficeTransactionHistory.tsx(152,29): error TS2345: Argument of type 'unknown' is not assignable to parameter of type 'string'.
../../packages/core/features/office/payments/OfficeTransactionHistory.tsx(157,29): error TS2345: Argument of type 'string' is not assignable to parameter of type 'AccessorFn<never>'.
../../packages/core/features/office/payments/OfficeTransactionHistory.tsx(161,14): error TS2571: Object is of type 'unknown'.
../../packages/core/features/office/payments/OfficeTransactionHistory.tsx(165,29): error TS2345: Argument of type 'string' is not assignable to parameter of type 'AccessorFn<never>'.
../../packages/core/features/office/payments/OfficeTransactionHistory.tsx(172,53): error TS2345: Argument of type 'unknown' is not assignable to parameter of type 'SetStateAction<string | null>'.
../../packages/core/features/office/payments/OrganizationCreditsPanel.tsx(23,37): error TS2339: Property 'getAccountCredits' does not exist on type 'never'.
../../packages/core/features/office/payments/OrganizationCreditsPanel.tsx(31,36): error TS2339: Property 'getCreditLedger' does not exist on type 'never'.
../../packages/core/features/office/payments/OrganizationCreditsPanel.tsx(39,40): error TS2339: Property 'depositCredits' does not exist on type 'never'.
../../packages/core/features/office/payments/OrganizationPaymentMethodsPanel.tsx(28,43): error TS2339: Property 'getPaymentMethod' does not exist on type 'never'.
../../packages/core/features/office/payments/OrganizationPaymentMethodsPanel.tsx(36,39): error TS2339: Property 'deletePaymentMethod' does not exist on type 'never'.
../../packages/core/features/office/payments/SetupIntentForm.tsx(20,50): error TS2339: Property 'createSetupIntent' does not exist on type 'never'.
../../packages/core/features/office/payments/SetupIntentForm.tsx(137,50): error TS2339: Property 'savePaymentMethod' does not exist on type 'never'.
../../packages/core/features/office/payments/TransactionReceiptModal.tsx(17,37): error TS2339: Property 'generateReceipt' does not exist on type 'never'.
../../packages/core/features/office/projects/components/ProjectForm.tsx(47,46): error TS2339: Property 'get' does not exist on type 'never'.
../../packages/core/features/office/projects/components/ProjectForm.tsx(69,47): error TS2339: Property 'getOrganization' does not exist on type 'never'.
../../packages/core/features/office/projects/components/ProjectForm.tsx(92,39): error TS2339: Property 'create' does not exist on type 'never'.
../../packages/core/features/office/projects/components/ProjectForm.tsx(93,39): error TS2339: Property 'update' does not exist on type 'never'.
../../packages/core/features/office/projects/OfficeProjectsList.tsx(109,53): error TS2339: Property 'list' does not exist on type 'never'.
../../packages/core/features/office/settings/StripeSettingsPage.tsx(20,50): error TS2339: Property 'getSettings' does not exist on type 'never'.
../../packages/core/features/office/settings/StripeSettingsPage.tsx(24,51): error TS2339: Property 'updatePublishableKey' does not exist on type 'never'.
../../packages/core/features/office/settings/StripeSettingsPage.tsx(26,34): error TS2339: Property 'getSettings' does not exist on type 'never'.
../../packages/core/features/office/settings/StripeSettingsPage.tsx(35,43): error TS2339: Property 'updateApiKey' does not exist on type 'never'.
../../packages/core/features/office/settings/StripeSettingsPage.tsx(37,34): error TS2339: Property 'getSettings' does not exist on type 'never'.
../../packages/core/features/office/settings/StripeSettingsPage.tsx(46,50): error TS2339: Property 'updateWebhookSecret' does not exist on type 'never'.
../../packages/core/features/office/settings/StripeSettingsPage.tsx(48,34): error TS2339: Property 'getSettings' does not exist on type 'never'.
../../packages/core/features/office/settings/StripeSettingsPage.tsx(57,45): error TS2339: Property 'updateTestMode' does not exist on type 'never'.
../../packages/core/features/office/settings/StripeSettingsPage.tsx(59,34): error TS2339: Property 'getSettings' does not exist on type 'never'.
../../packages/core/features/office/settings/StripeSettingsPage.tsx(67,45): error TS2339: Property 'testConnection' does not exist on type 'never'.
../../packages/core/features/office/settings/StripeSettingsPage.tsx(69,34): error TS2339: Property 'getSettings' does not exist on type 'never'.
../../packages/core/features/office/teams/components/AddTeamMemberModal.tsx(34,39): error TS2339: Property 'members' does not exist on type 'never'.
../../packages/core/features/office/teams/components/RemoveMemberModal.tsx(29,42): error TS2339: Property 'members' does not exist on type 'never'.
../../packages/core/features/office/teams/components/TeamActivityFeed.tsx(29,46): error TS2344: Type 'CreateRouterInner<RootConfig<{ ctx: Context; meta: object; errorShape: DefaultErrorShape; transformer: DefaultDataTransformer; }>, { ...; }>' does not satisfy the constraint 'AnyRouter'.
  Types of property '_def' are incompatible.
    Property 'lazy' is missing in type 'RouterDef<RootConfig<{ ctx: Context; meta: object; errorShape: DefaultErrorShape; transformer: DefaultDataTransformer; }>, { ...; }, { ...; }>' but required in type 'RouterDef<any, any>'.
../../packages/core/features/office/teams/components/TeamActivityFeed.tsx(43,35): error TS2339: Property 'analytics' does not exist on type 'never'.
../../packages/core/features/office/teams/components/TeamActivityFeed.tsx(50,19): error TS2339: Property 'nextCursor' does not exist on type 'never'.
../../packages/core/features/office/teams/components/TeamActivityFeed.tsx(55,41): error TS2339: Property 'analytics' does not exist on type 'never'.
../../packages/core/features/office/teams/components/TeamActivityFeed.tsx(59,25): error TS2339: Property 'analytics' does not exist on type 'never'.
../../packages/core/features/office/teams/components/TeamActivityFeed.tsx(73,64): error TS2339: Property 'events' does not exist on type 'never'.
../../packages/core/features/office/teams/components/TeamActivityFeed.tsx(75,9): error TS2698: Spread types may only be created from object types.
../../packages/core/features/office/teams/components/TeamActivityFeed.tsx(77,31): error TS2339: Property 'payload' does not exist on type 'never'.
../../packages/core/features/office/teams/components/TeamActivityFeed.tsx(77,61): error TS2339: Property 'payload' does not exist on type 'never'.
../../packages/core/features/office/teams/components/TeamActivityFeed.tsx(77,86): error TS2339: Property 'payload' does not exist on type 'never'.
../../packages/core/features/office/teams/components/TeamActivityFeed.tsx(100,41): error TS2339: Property 'actorUserId' does not exist on type 'never'.
../../packages/core/features/office/teams/components/TeamActivityFeed.tsx(101,39): error TS2339: Property 'occurredAt' does not exist on type 'never'.
../../packages/core/features/office/teams/components/TeamActivityFeed.tsx(103,27): error TS2339: Property 'payload' does not exist on type 'never'.
../../packages/core/features/office/teams/components/TeamActivityFeed.tsx(105,19): error TS2339: Property 'eventType' does not exist on type 'never'.
../../packages/core/features/office/teams/components/TeamActivityFeed.tsx(141,70): error TS2339: Property 'relatedJobId' does not exist on type 'never'.
../../packages/core/features/office/teams/components/TeamActivityFeed.tsx(158,70): error TS2339: Property 'relatedJobId' does not exist on type 'never'.
../../packages/core/features/office/teams/components/TeamActivityFeed.tsx(175,29): error TS2339: Property 'relatedJobId' does not exist on type 'never'.
../../packages/core/features/office/teams/components/TeamActivityFeed.tsx(192,52): error TS2339: Property 'subjectUserId' does not exist on type 'never'.
../../packages/core/features/office/teams/components/TeamActivityFeed.tsx(223,39): error TS2339: Property 'eventType' does not exist on type 'never'.
../../packages/core/features/office/teams/components/TeamActivityFeed.tsx(410,28): error TS2339: Property 'id' does not exist on type 'never'.
../../packages/core/features/office/teams/components/TeamAnalyticsCharts.tsx(10,42): error TS2344: Type 'CreateRouterInner<RootConfig<{ ctx: Context; meta: object; errorShape: DefaultErrorShape; transformer: DefaultDataTransformer; }>, { ...; }>' does not satisfy the constraint 'AnyRouter'.
  Types of property '_def' are incompatible.
    Property 'lazy' is missing in type 'RouterDef<RootConfig<{ ctx: Context; meta: object; errorShape: DefaultErrorShape; transformer: DefaultDataTransformer; }>, { ...; }, { ...; }>' but required in type 'RouterDef<any, any>'.
../../packages/core/features/office/teams/components/TeamAnalyticsCharts.tsx(12,42): error TS2344: Type 'CreateRouterInner<RootConfig<{ ctx: Context; meta: object; errorShape: DefaultErrorShape; transformer: DefaultDataTransformer; }>, { ...; }>' does not satisfy the constraint 'AnyRouter'.
  Types of property '_def' are incompatible.
    Property 'lazy' is missing in type 'RouterDef<RootConfig<{ ctx: Context; meta: object; errorShape: DefaultErrorShape; transformer: DefaultDataTransformer; }>, { ...; }, { ...; }>' but required in type 'RouterDef<any, any>'.
../../packages/core/features/office/teams/components/TeamAnalyticsCharts.tsx(39,35): error TS2339: Property 'analytics' does not exist on type 'never'.
../../packages/core/features/office/teams/components/TeamAnalyticsCharts.tsx(47,25): error TS7006: Parameter 'previousData' implicitly has an 'any' type.
../../packages/core/features/office/teams/components/TeamAnalyticsCharts.tsx(51,35): error TS2339: Property 'analytics' does not exist on type 'never'.
../../packages/core/features/office/teams/components/TeamAnalyticsCharts.tsx(68,27): error TS2339: Property 'applications' does not exist on type 'never'.
../../packages/core/features/office/teams/components/TeamAnalyticsCharts.tsx(69,29): error TS2339: Property 'date' does not exist on type 'never'.
../../packages/core/features/office/teams/components/TeamAnalyticsCharts.tsx(80,27): error TS2339: Property 'timeToFirstReview' does not exist on type 'never'.
../../packages/core/features/office/teams/components/TeamAnalyticsCharts.tsx(81,29): error TS2339: Property 'date' does not exist on type 'never'.
../../packages/core/features/office/teams/components/TeamAnalyticsCharts.tsx(94,27): error TS2339: Property 'activeAssignments' does not exist on type 'never'.
../../packages/core/features/office/teams/components/TeamAnalyticsCharts.tsx(94,69): error TS2339: Property 'pendingAssignments' does not exist on type 'never'.
../../packages/core/features/office/teams/components/TeamAnalyticsCharts.tsx(96,26): error TS2339: Property 'userId' does not exist on type 'never'.
../../packages/core/features/office/teams/components/TeamAnalyticsSummary.tsx(18,55): error TS2344: Type 'CreateRouterInner<RootConfig<{ ctx: Context; meta: object; errorShape: DefaultErrorShape; transformer: DefaultDataTransformer; }>, { ...; }>' does not satisfy the constraint 'AnyRouter'.
  Types of property '_def' are incompatible.
    Property 'lazy' is missing in type 'RouterDef<RootConfig<{ ctx: Context; meta: object; errorShape: DefaultErrorShape; transformer: DefaultDataTransformer; }>, { ...; }, { ...; }>' but required in type 'RouterDef<any, any>'.
../../packages/core/features/office/teams/components/TeamAnalyticsSummary.tsx(57,36): error TS2339: Property 'analytics' does not exist on type 'never'.
../../packages/core/features/office/teams/components/TeamAnalyticsSummary.tsx(65,25): error TS7006: Parameter 'previousData' implicitly has an 'any' type.
../../packages/core/features/office/teams/components/TeamAnalyticsSummary.tsx(75,67): error TS2339: Property 'members' does not exist on type 'never'.
../../packages/core/features/office/teams/components/TeamAnalyticsSummary.tsx(81,36): error TS2339: Property 'jobs' does not exist on type 'never'.
../../packages/core/features/office/teams/components/TeamAnalyticsSummary.tsx(82,44): error TS2339: Property 'invitations' does not exist on type 'never'.
../../packages/core/features/office/teams/components/TeamAnalyticsSummary.tsx(83,42): error TS2339: Property 'workloadPressureScore' does not exist on type 'never'.
../../packages/core/features/office/teams/components/TeamAnalyticsSummary.tsx(86,61): error TS2339: Property 'applications' does not exist on type 'never'.
../../packages/core/features/office/teams/components/TeamAnalyticsSummary.tsx(91,40): error TS2339: Property 'timeToFirstReview' does not exist on type 'never'.
../../packages/core/features/office/teams/components/TeamAnalyticsSummary.tsx(101,35): error TS2339: Property 'applications' does not exist on type 'never'.
../../packages/core/features/office/teams/components/TeamAnalyticsSummary.tsx(103,40): error TS2339: Property 'applications' does not exist on type 'never'.
../../packages/core/features/office/teams/components/TeamAnalyticsSummary.tsx(104,39): error TS2339: Property 'applications' does not exist on type 'never'.
../../packages/core/features/office/teams/components/TeamAutomationSettings.tsx(103,36): error TS2339: Property 'update' does not exist on type 'never'.
../../packages/core/features/office/teams/components/TeamAutomationSettings.tsx(109,25): error TS2339: Property 'byId' does not exist on type 'never'.
../../packages/core/features/office/teams/components/TeamCommentThread.tsx(9,42): error TS2344: Type 'CreateRouterInner<RootConfig<{ ctx: Context; meta: object; errorShape: DefaultErrorShape; transformer: DefaultDataTransformer; }>, { ...; }>' does not satisfy the constraint 'AnyRouter'.
  Types of property '_def' are incompatible.
    Property 'lazy' is missing in type 'RouterDef<RootConfig<{ ctx: Context; meta: object; errorShape: DefaultErrorShape; transformer: DefaultDataTransformer; }>, { ...; }, { ...; }>' but required in type 'RouterDef<any, any>'.
../../packages/core/features/office/teams/components/TeamCommentThread.tsx(37,35): error TS2339: Property 'analytics' does not exist on type 'never'.
../../packages/core/features/office/teams/components/TeamCommentThread.tsx(49,41): error TS2339: Property 'analytics' does not exist on type 'never'.
../../packages/core/features/office/teams/components/TeamCommentThread.tsx(53,25): error TS2339: Property 'analytics' does not exist on type 'never'.
../../packages/core/features/office/teams/components/TeamCommentThread.tsx(54,25): error TS2339: Property 'analytics' does not exist on type 'never'.
../../packages/core/features/office/teams/components/TeamCommentThread.tsx(187,23): error TS2339: Property 'actorDisplayName' does not exist on type 'never'.
../../packages/core/features/office/teams/components/TeamCommentThread.tsx(187,51): error TS2339: Property 'actorUserId' does not exist on type 'never'.
../../packages/core/features/office/teams/components/TeamCommentThread.tsx(188,49): error TS2339: Property 'occurredAt' does not exist on type 'never'.
../../packages/core/features/office/teams/components/TeamCommentThread.tsx(189,43): error TS2339: Property 'mentions' does not exist on type 'never'.
../../packages/core/features/office/teams/components/TeamCommentThread.tsx(194,23): error TS2339: Property 'body' does not exist on type 'never'.
../../packages/core/features/office/teams/components/TeamCommentThread.tsx(194,50): error TS2339: Property 'body' does not exist on type 'never'.
../../packages/core/features/office/teams/components/TeamCommentThread.tsx(203,30): error TS2339: Property 'id' does not exist on type 'never'.
../../packages/core/features/office/teams/components/TeamCommentThread.tsx(217,32): error TS2339: Property 'body' does not exist on type 'never'.
../../packages/core/features/office/teams/components/TeamForm.tsx(158,36): error TS2339: Property 'create' does not exist on type 'never'.
../../packages/core/features/office/teams/components/TeamForm.tsx(170,36): error TS2339: Property 'update' does not exist on type 'never'.
../../packages/core/features/office/teams/components/TeamInvitationsList.tsx(12,49): error TS2344: Type 'CreateRouterInner<RootConfig<{ ctx: Context; meta: object; errorShape: DefaultErrorShape; transformer: DefaultDataTransformer; }>, { ...; }>' does not satisfy the constraint 'AnyRouter'.
  Types of property '_def' are incompatible.
    Property 'lazy' is missing in type 'RouterDef<RootConfig<{ ctx: Context; meta: object; errorShape: DefaultErrorShape; transformer: DefaultDataTransformer; }>, { ...; }, { ...; }>' but required in type 'RouterDef<any, any>'.
../../packages/core/features/office/teams/components/TeamInvitationsList.tsx(46,38): error TS2339: Property 'invitations' does not exist on type 'never'.
../../packages/core/features/office/teams/components/TeamInvitationsList.tsx(56,36): error TS2339: Property 'invitations' does not exist on type 'never'.
../../packages/core/features/office/teams/components/TeamInvitationsList.tsx(67,36): error TS2339: Property 'invitations' does not exist on type 'never'.
../../packages/core/features/office/teams/components/TeamInvitationsList.tsx(182,40): error TS2339: Property 'status' does not exist on type 'never'.
../../packages/core/features/office/teams/components/TeamInvitationsList.tsx(182,82): error TS2339: Property 'status' does not exist on type 'never'.
../../packages/core/features/office/teams/components/TeamInvitationsList.tsx(183,58): error TS2339: Property 'status' does not exist on type 'never'.
../../packages/core/features/office/teams/components/TeamInvitationsList.tsx(185,39): error TS2339: Property 'sentAt' does not exist on type 'never'.
../../packages/core/features/office/teams/components/TeamInvitationsList.tsx(185,68): error TS2339: Property 'sentAt' does not exist on type 'never'.
../../packages/core/features/office/teams/components/TeamInvitationsList.tsx(186,42): error TS2339: Property 'expiresAt' does not exist on type 'never'.
../../packages/core/features/office/teams/components/TeamInvitationsList.tsx(187,37): error TS2339: Property 'expiresAt' does not exist on type 'never'.
../../packages/core/features/office/teams/components/TeamInvitationsList.tsx(191,27): error TS2339: Property 'metadata' does not exist on type 'never'.
../../packages/core/features/office/teams/components/TeamInvitationsList.tsx(198,26): error TS2339: Property 'lastDeliveryStatus' does not exist on type 'never'.
../../packages/core/features/office/teams/components/TeamInvitationsList.tsx(200,47): error TS2339: Property 'sentAt' does not exist on type 'never'.
../../packages/core/features/office/teams/components/TeamInvitationsList.tsx(201,37): error TS2339: Property 'sentAt' does not exist on type 'never'.
../../packages/core/features/office/teams/components/TeamInvitationsList.tsx(206,26): error TS2339: Property 'lastDeliveryChannels' does not exist on type 'never'.
../../packages/core/features/office/teams/components/TeamInvitationsList.tsx(209,26): error TS2339: Property 'lastDeliveryError' does not exist on type 'never'.
../../packages/core/features/office/teams/components/TeamInvitationsList.tsx(212,42): error TS2339: Property 'status' does not exist on type 'never'.
../../packages/core/features/office/teams/components/TeamInvitationsList.tsx(216,33): error TS2339: Property 'id' does not exist on type 'never'.
../../packages/core/features/office/teams/components/TeamInvitationsList.tsx(224,66): error TS2339: Property 'email' does not exist on type 'never'.
../../packages/core/features/office/teams/components/TeamInvitationsList.tsx(224,86): error TS2339: Property 'invitedUserId' does not exist on type 'never'.
../../packages/core/features/office/teams/components/TeamInvitationsList.tsx(224,154): error TS2339: Property 'role' does not exist on type 'never'.
../../packages/core/features/office/teams/components/TeamInvitationsList.tsx(224,189): error TS2339: Property 'role' does not exist on type 'never'.
../../packages/core/features/office/teams/components/TeamInvitationsList.tsx(229,35): error TS2339: Property 'email' does not exist on type 'never'.
../../packages/core/features/office/teams/components/TeamInvitationsList.tsx(230,38): error TS2339: Property 'email' does not exist on type 'never'.
../../packages/core/features/office/teams/components/TeamInvitationsList.tsx(231,38): error TS2339: Property 'invitedUserId' does not exist on type 'never'.
../../packages/core/features/office/teams/components/TeamInvitationsList.tsx(232,60): error TS2339: Property 'invitedUserId' does not exist on type 'never'.
../../packages/core/features/office/teams/components/TeamInvitationsList.tsx(261,33): error TS2339: Property 'role' does not exist on type 'never'.
../../packages/core/features/office/teams/components/TeamInvitationsList.tsx(300,33): error TS2339: Property 'email' does not exist on type 'never'.
../../packages/core/features/office/teams/components/TeamInvitationsList.tsx(321,65): error TS2339: Property 'id' does not exist on type 'never'.
../../packages/core/features/office/teams/components/TeamInvitationsList.tsx(322,76): error TS2339: Property 'email' does not exist on type 'never'.
../../packages/core/features/office/teams/components/TeamInvitationsList.tsx(322,96): error TS2339: Property 'invitedUserId' does not exist on type 'never'.
../../packages/core/features/office/teams/components/TeamInvitationsList.tsx(334,65): error TS2339: Property 'id' does not exist on type 'never'.
../../packages/core/features/office/teams/components/TeamInvitationsList.tsx(335,77): error TS2339: Property 'email' does not exist on type 'never'.
../../packages/core/features/office/teams/components/TeamInvitationsList.tsx(335,97): error TS2339: Property 'invitedUserId' does not exist on type 'never'.
../../packages/core/features/office/teams/components/TeamInviteModal.tsx(49,36): error TS2339: Property 'invitations' does not exist on type 'never'.
../../packages/core/features/office/teams/components/TeamInviteModal.tsx(144,7): error TS2322: Type '{ children: Element; open: boolean; onOpenChange: (open: boolean) => void; title: string; testID: string; }' is not assignable to type 'IntrinsicAttributes & ResponsiveModalProps'.
  Property 'testID' does not exist on type 'IntrinsicAttributes & ResponsiveModalProps'.
../../packages/core/features/office/teams/components/TeamJobsList.tsx(9,44): error TS2344: Type 'CreateRouterInner<RootConfig<{ ctx: Context; meta: object; errorShape: DefaultErrorShape; transformer: DefaultDataTransformer; }>, { ...; }>' does not satisfy the constraint 'AnyRouter'.
  Types of property '_def' are incompatible.
    Property 'lazy' is missing in type 'RouterDef<RootConfig<{ ctx: Context; meta: object; errorShape: DefaultErrorShape; transformer: DefaultDataTransformer; }>, { ...; }, { ...; }>' but required in type 'RouterDef<any, any>'.
../../packages/core/features/office/teams/components/TeamJobsList.tsx(120,24): error TS2339: Property 'id' does not exist on type 'never'.
../../packages/core/features/office/teams/components/TeamJobsList.tsx(128,46): error TS2339: Property 'title' does not exist on type 'never'.
../../packages/core/features/office/teams/components/TeamJobsList.tsx(128,67): error TS2339: Property 'status' does not exist on type 'never'.
../../packages/core/features/office/teams/components/TeamJobsList.tsx(128,101): error TS2339: Property 'updated_at' does not exist on type 'never'.
../../packages/core/features/office/teams/components/TeamJobsList.tsx(128,127): error TS2339: Property 'updated_at' does not exist on type 'never'.
../../packages/core/features/office/teams/components/TeamJobsList.tsx(141,26): error TS2339: Property 'title' does not exist on type 'never'.
../../packages/core/features/office/teams/components/TeamJobsList.tsx(143,47): error TS2339: Property 'organization' does not exist on type 'never'.
../../packages/core/features/office/teams/components/TeamJobsList.tsx(145,41): error TS2339: Property 'status' does not exist on type 'never'.
../../packages/core/features/office/teams/components/TeamJobsList.tsx(147,20): error TS2339: Property 'teamAssignments' does not exist on type 'never'.
../../packages/core/features/office/teams/components/TeamJobsList.tsx(147,43): error TS2339: Property 'teamAssignments' does not exist on type 'never'.
../../packages/core/features/office/teams/components/TeamJobsList.tsx(149,24): error TS2339: Property 'teamAssignments' does not exist on type 'never'.
../../packages/core/features/office/teams/components/TeamJobsList.tsx(151,35): error TS2339: Property 'id' does not exist on type 'never'.
../../packages/core/features/office/teams/components/TeamJobsList.tsx(151,52): error TS2339: Property 'teamId' does not exist on type 'never'.
../../packages/core/features/office/teams/components/TeamJobsList.tsx(152,40): error TS2339: Property 'team' does not exist on type 'never'.
../../packages/core/features/office/teams/components/TeamJobsList.tsx(153,45): error TS2339: Property 'isPrimary' does not exist on type 'never'.
../../packages/core/features/office/teams/components/TeamJobsList.tsx(169,24): error TS2339: Property 'updated_at' does not exist on type 'never'.
../../packages/core/features/office/teams/components/TeamJobsList.tsx(169,50): error TS2339: Property 'updated_at' does not exist on type 'never'.
../../packages/core/features/office/teams/components/TeamJobsList.tsx(176,95): error TS2339: Property 'id' does not exist on type 'never'.
../../packages/core/features/office/teams/components/TeamJobsList.tsx(177,55): error TS2339: Property 'title' does not exist on type 'never'.
../../packages/core/features/office/teams/components/TeamMemberRoleSelect.tsx(42,40): error TS2339: Property 'members' does not exist on type 'never'.
../../packages/core/features/office/teams/components/TeamMembersList.tsx(22,45): error TS2344: Type 'CreateRouterInner<RootConfig<{ ctx: Context; meta: object; errorShape: DefaultErrorShape; transformer: DefaultDataTransformer; }>, { ...; }>' does not satisfy the constraint 'AnyRouter'.
  Types of property '_def' are incompatible.
    Property 'lazy' is missing in type 'RouterDef<RootConfig<{ ctx: Context; meta: object; errorShape: DefaultErrorShape; transformer: DefaultDataTransformer; }>, { ...; }, { ...; }>' but required in type 'RouterDef<any, any>'.
../../packages/core/features/office/teams/components/TeamMembersList.tsx(24,42): error TS2344: Type 'CreateRouterInner<RootConfig<{ ctx: Context; meta: object; errorShape: DefaultErrorShape; transformer: DefaultDataTransformer; }>, { ...; }>' does not satisfy the constraint 'AnyRouter'.
  Types of property '_def' are incompatible.
    Property 'lazy' is missing in type 'RouterDef<RootConfig<{ ctx: Context; meta: object; errorShape: DefaultErrorShape; transformer: DefaultDataTransformer; }>, { ...; }, { ...; }>' but required in type 'RouterDef<any, any>'.
../../packages/core/features/office/teams/components/TeamMembersList.tsx(48,34): error TS2339: Property 'members' does not exist on type 'never'.
../../packages/core/features/office/teams/components/TeamMembersList.tsx(55,35): error TS2339: Property 'analytics' does not exist on type 'never'.
../../packages/core/features/office/teams/components/TeamMembersList.tsx(65,47): error TS2339: Property 'members' does not exist on type 'never'.
../../packages/core/features/office/teams/components/TeamMembersList.tsx(78,40): error TS2339: Property 'members' does not exist on type 'never'.
../../packages/core/features/office/teams/components/TeamMembersList.tsx(97,18): error TS2339: Property 'id' does not exist on type 'never'.
../../packages/core/features/office/teams/components/TeamMembersList.tsx(98,22): error TS2339: Property 'userId' does not exist on type 'never'.
../../packages/core/features/office/teams/components/TeamMembersList.tsx(99,22): error TS2339: Property 'status' does not exist on type 'never'.
../../packages/core/features/office/teams/components/TeamMembersList.tsx(100,22): error TS2339: Property 'role' does not exist on type 'never'.
../../packages/core/features/office/teams/components/TeamMembersList.tsx(101,23): error TS2339: Property 'role' does not exist on type 'never'.
../../packages/core/features/office/teams/components/TeamMembersList.tsx(102,27): error TS2339: Property 'user' does not exist on type 'never'.
../../packages/core/features/office/teams/components/TeamMembersList.tsx(102,55): error TS2339: Property 'user' does not exist on type 'never'.
../../packages/core/features/office/teams/components/TeamMembersList.tsx(103,24): error TS2339: Property 'user' does not exist on type 'never'.
../../packages/core/features/office/teams/components/TeamMembersList.tsx(104,26): error TS2339: Property 'user' does not exist on type 'never'.
../../packages/core/features/office/teams/components/TeamMembersList.tsx(112,38): error TS2345: Argument of type 'any' is not assignable to parameter of type 'never'.
../../packages/core/features/office/teams/components/TeamMembersList.tsx(203,32): error TS2339: Property 'availabilityScore' does not exist on type 'never'.
../../packages/core/features/office/teams/components/TeamMembersList.tsx(204,28): error TS2339: Property 'availabilityScore' does not exist on type 'never'.
../../packages/core/features/office/teams/components/TeamMembersList.tsx(205,44): error TS2339: Property 'availabilityScore' does not exist on type 'never'.
../../packages/core/features/office/teams/components/TeamMembersList.tsx(206,30): error TS2339: Property 'availabilityScore' does not exist on type 'never'.
../../packages/core/features/office/teams/components/TeamMembersList.tsx(212,50): error TS2339: Property 'role' does not exist on type 'never'.
../../packages/core/features/office/teams/components/TeamMembersList.tsx(334,41): error TS2339: Property 'activeAssignments' does not exist on type 'never'.
../../packages/core/features/office/teams/components/TeamMembersList.tsx(337,42): error TS2339: Property 'pendingAssignments' does not exist on type 'never'.
../../packages/core/features/office/teams/components/TeamMembersList.tsx(339,31): error TS2339: Property 'overdueAssignments' does not exist on type 'never'.
../../packages/core/features/office/teams/components/TeamMembersList.tsx(341,44): error TS2339: Property 'overdueAssignments' does not exist on type 'never'.
../../packages/core/features/office/teams/components/TeamMembersList.tsx(345,52): error TS2339: Property 'completedReviews' does not exist on type 'never'.
../../packages/core/features/office/teams/components/TeamOverviewCard.tsx(7,44): error TS2344: Type 'CreateRouterInner<RootConfig<{ ctx: Context; meta: object; errorShape: DefaultErrorShape; transformer: DefaultDataTransformer; }>, { ...; }>' does not satisfy the constraint 'AnyRouter'.
  Types of property '_def' are incompatible.
    Property 'lazy' is missing in type 'RouterDef<RootConfig<{ ctx: Context; meta: object; errorShape: DefaultErrorShape; transformer: DefaultDataTransformer; }>, { ...; }, { ...; }>' but required in type 'RouterDef<any, any>'.
../../packages/core/features/office/teams/components/TeamOverviewCard.tsx(41,44): error TS2339: Property 'purpose' does not exist on type 'never'.
../../packages/core/features/office/teams/components/TeamOverviewCard.tsx(42,50): error TS2339: Property 'visibility' does not exist on type 'never'.
../../packages/core/features/office/teams/components/TeamOverviewCard.tsx(44,35): error TS2339: Property 'invitationPolicy' does not exist on type 'never'.
../../packages/core/features/office/teams/components/TeamOverviewCard.tsx(57,21): error TS2339: Property 'name' does not exist on type 'never'.
../../packages/core/features/office/teams/components/TeamOverviewCard.tsx(59,19): error TS2339: Property 'isArchived' does not exist on type 'never'.
../../packages/core/features/office/teams/components/TeamOverviewCard.tsx(62,19): error TS2339: Property 'description' does not exist on type 'never'.
../../packages/core/features/office/teams/components/TeamOverviewCard.tsx(95,15): error TS2339: Property 'defaultRole' does not exist on type 'never'.
../../packages/core/features/office/teams/components/TeamOverviewCard.tsx(99,25): error TS2339: Property 'defaultRole' does not exist on type 'never'.
../../packages/core/features/office/teams/components/TeamOverviewCard.tsx(109,17): error TS2339: Property 'slug' does not exist on type 'never'.
../../packages/core/features/office/teams/hooks/useTeamFormOptions.ts(7,43): error TS2344: Type 'CreateRouterInner<RootConfig<{ ctx: Context; meta: object; errorShape: DefaultErrorShape; transformer: DefaultDataTransformer; }>, { ...; }>' does not satisfy the constraint 'AnyRouter'.
  Types of property '_def' are incompatible.
    Property 'lazy' is missing in type 'RouterDef<RootConfig<{ ctx: Context; meta: object; errorShape: DefaultErrorShape; transformer: DefaultDataTransformer; }>, { ...; }, { ...; }>' but required in type 'RouterDef<any, any>'.
../../packages/core/features/office/teams/hooks/useTeamFormOptions.ts(24,32): error TS2339: Property 'members' does not exist on type 'never'.
../../packages/core/features/office/teams/hooks/useTeamFormOptions.ts(35,20): error TS2339: Property 'id' does not exist on type 'never'.
../../packages/core/features/office/teams/hooks/useTeamFormOptions.ts(36,45): error TS2339: Property 'key' does not exist on type 'never'.
../../packages/core/features/office/teams/hooks/useTeamFormOptions.ts(37,22): error TS2339: Property 'name' does not exist on type 'never'.
../../packages/core/features/office/teams/hooks/useTeamFormOptions.ts(38,29): error TS2339: Property 'description' does not exist on type 'never'.
../../packages/core/features/office/teams/OfficeTeamsList.tsx(17,43): error TS2344: Type 'CreateRouterInner<RootConfig<{ ctx: Context; meta: object; errorShape: DefaultErrorShape; transformer: DefaultDataTransformer; }>, { ...; }>' does not satisfy the constraint 'AnyRouter'.
  Types of property '_def' are incompatible.
    Property 'lazy' is missing in type 'RouterDef<RootConfig<{ ctx: Context; meta: object; errorShape: DefaultErrorShape; transformer: DefaultDataTransformer; }>, { ...; }, { ...; }>' but required in type 'RouterDef<any, any>'.
../../packages/core/features/office/teams/OfficeTeamsList.tsx(68,50): error TS2339: Property 'list' does not exist on type 'never'.
../../packages/core/features/office/teams/OfficeTeamsList.tsx(72,37): error TS2339: Property 'archive' does not exist on type 'never'.
../../packages/core/features/office/teams/OfficeTeamsList.tsx(91,64): error TS2339: Property 'visibility' does not exist on type 'never'.
../../packages/core/features/office/teams/OfficeTeamsList.tsx(92,17): error TS2339: Property 'visibility' does not exist on type 'never'.
../../packages/core/features/office/teams/OfficeTeamsList.tsx(96,18): error TS2339: Property 'id' does not exist on type 'never'.
../../packages/core/features/office/teams/OfficeTeamsList.tsx(97,20): error TS2339: Property 'name' does not exist on type 'never'.
../../packages/core/features/office/teams/OfficeTeamsList.tsx(99,31): error TS2339: Property 'defaultRole' does not exist on type 'never'.
../../packages/core/features/office/teams/OfficeTeamsList.tsx(100,30): error TS2339: Property 'defaultRole' does not exist on type 'never'.
../../packages/core/features/office/teams/OfficeTeamsList.tsx(101,42): error TS2339: Property 'defaultRole' does not exist on type 'never'.
../../packages/core/features/office/teams/OfficeTeamsList.tsx(103,25): error TS2339: Property 'updatedAt' does not exist on type 'never'.
../../packages/core/features/organizations/api.ts(7,28): error TS2339: Property 'listInvitations' does not exist on type 'never'.
../../packages/core/features/organizations/api.ts(13,68): error TS2339: Property 'inviteMember' does not exist on type 'never'.
../../packages/core/features/organizations/api.ts(15,68): error TS2339: Property 'resendInvitation' does not exist on type 'never'.
../../packages/core/features/organizations/api.ts(17,68): error TS2339: Property 'cancelInvitation' does not exist on type 'never'.
../../packages/core/features/organizations/api.ts(19,68): error TS2339: Property 'acceptInvitation' does not exist on type 'never'.
../../packages/core/features/organizations/api.ts(21,69): error TS2339: Property 'declineInvitation' does not exist on type 'never'.
../../packages/core/features/organizations/api.ts(24,21): error TS2339: Property 'listMembers' does not exist on type 'never'.
../../packages/core/features/organizations/api.ts(30,21): error TS2339: Property 'getMemberActivity' does not exist on type 'never'.
../../packages/core/features/organizations/api.ts(35,68): error TS2339: Property 'removeMember' does not exist on type 'never'.
../../packages/core/features/organizations/api.ts(38,21): error TS2339: Property 'transferOwnership' does not exist on type 'never'.
../../packages/core/features/organizations/api.ts(44,21): error TS2339: Property 'listDocuments' does not exist on type 'never'.
../../packages/core/features/organizations/api.ts(54,21): error TS2339: Property 'createDocumentUploadSession' does not exist on type 'never'.
../../packages/core/features/organizations/api.ts(56,65): error TS2339: Property 'commitDocumentVersion' does not exist on type 'never'.
../../packages/core/features/organizations/api.ts(59,21): error TS2339: Property 'listDocumentVersions' does not exist on type 'never'.
../../packages/core/features/organizations/api.ts(65,21): error TS2339: Property 'createDocumentDownloadUrl' does not exist on type 'never'.
../../packages/core/features/organizations/api.ts(68,21): error TS2339: Property 'listDocumentShares' does not exist on type 'never'.
../../packages/core/features/organizations/api.ts(73,57): error TS2339: Property 'shareDocument' does not exist on type 'never'.
../../packages/core/features/organizations/api.ts(75,63): error TS2339: Property 'updateDocumentShare' does not exist on type 'never'.
../../packages/core/features/organizations/api.ts(77,63): error TS2339: Property 'revokeDocumentShare' does not exist on type 'never'.
../../packages/core/features/organizations/api.ts(80,21): error TS2339: Property 'listFolders' does not exist on type 'never'.
../../packages/core/features/organizations/api.ts(82,68): error TS2339: Property 'upsertFolder' does not exist on type 'never'.
../../packages/core/features/organizations/api.ts(84,68): error TS2339: Property 'deleteFolder' does not exist on type 'never'.
../../packages/core/features/organizations/api.ts(87,21): error TS2339: Property 'searchDocuments' does not exist on type 'never'.
../../packages/core/features/organizations/api.ts(93,21): error TS2339: Property 'listLocations' does not exist on type 'never'.
../../packages/core/features/organizations/api.ts(98,70): error TS2339: Property 'upsertLocation' does not exist on type 'never'.
../../packages/core/features/organizations/api.ts(100,71): error TS2339: Property 'archiveLocation' does not exist on type 'never'.
../../packages/core/features/organizations/api.ts(103,21): error TS2339: Property 'getSettings' does not exist on type 'never'.
../../packages/core/features/organizations/api.ts(105,70): error TS2339: Property 'updateSettings' does not exist on type 'never'.
../../packages/core/features/organizations/api.ts(111,21): error TS2339: Property 'listAuditLog' does not exist on type 'never'.
../../packages/core/features/organizations/api.ts(121,70): error TS2339: Property 'exportAuditLog' does not exist on type 'never'.
../../packages/core/features/organizations/api.ts(124,21): error TS2339: Property 'getStorageUsageSummary' does not exist on type 'never'.
../../packages/core/features/organizations/components/OrganizationDeletionPanel.tsx(17,48): error TS2339: Property 'requestOrganizationDeletion' does not exist on type 'never'.
../../packages/core/features/organizations/components/OrganizationRequestForm.tsx(56,63): error TS2339: Property 'createOrganizationRequest' does not exist on type 'never'.
../../packages/core/features/payments/hooks/useStripeConfig.ts(4,30): error TS2339: Property 'getStripeConfig' does not exist on type 'never'.
../../packages/core/features/personality-assessment/hooks/usePersonalityAssessment.ts(12,33): error TS2339: Property 'getAssessmentStatus' does not exist on type 'never'.
../../packages/core/features/personality-assessment/hooks/usePersonalityAssessment.ts(15,50): error TS2339: Property 'saveLuscher1' does not exist on type 'never'.
../../packages/core/features/personality-assessment/hooks/usePersonalityAssessment.ts(17,35): error TS2339: Property 'getAssessmentStatus' does not exist on type 'never'.
../../packages/core/features/personality-assessment/hooks/usePersonalityAssessment.ts(22,54): error TS2339: Property 'saveIPIPProgress' does not exist on type 'never'.
../../packages/core/features/personality-assessment/hooks/usePersonalityAssessment.ts(24,35): error TS2339: Property 'getAssessmentStatus' does not exist on type 'never'.
../../packages/core/features/personality-assessment/hooks/usePersonalityAssessment.ts(29,50): error TS2339: Property 'saveLuscher2' does not exist on type 'never'.
../../packages/core/features/personality-assessment/hooks/usePersonalityAssessment.ts(31,35): error TS2339: Property 'getAssessmentStatus' does not exist on type 'never'.
../../packages/core/features/personality-assessment/hooks/usePersonalityAssessment.ts(36,52): error TS2339: Property 'generateReport' does not exist on type 'never'.
../../packages/core/features/personality-assessment/hooks/usePersonalityAssessment.ts(38,35): error TS2339: Property 'getAssessmentStatus' does not exist on type 'never'.
../../packages/core/features/personality-assessment/hooks/usePersonalityAssessment.ts(39,35): error TS2339: Property 'getResults' does not exist on type 'never'.
../../packages/core/features/personality-assessment/hooks/usePersonalityAssessment.ts(44,55): error TS2339: Property 'updateCurrentStep' does not exist on type 'never'.
../../packages/core/features/personality-assessment/hooks/usePersonalityAssessment.ts(46,35): error TS2339: Property 'getAssessmentStatus' does not exist on type 'never'.
../../packages/core/features/personality-assessment/PersonalityAssessmentWidget.tsx(19,69): error TS2339: Property 'getAssessmentStatus' does not exist on type 'never'.
../../packages/core/features/prerequisites/PrerequisiteWidget.tsx(49,25): error TS2339: Property 'check' does not exist on type 'never'.
../../packages/core/features/prerequisites/PrerequisiteWidget.tsx(51,45): error TS2339: Property 'hasUploaded' does not exist on type 'never'.
../../packages/core/features/prerequisites/PrerequisiteWidget.tsx(57,17): error TS2339: Property 'skillsMultiTaxonomy' does not exist on type 'never'.
../../packages/core/features/prerequisites/PrerequisiteWidget.tsx(60,46): error TS2339: Property 'complete' does not exist on type 'never'.
../../packages/core/features/profile-completion/components/ProfileCompletionExperience.tsx(29,44): error TS2339: Property 'completion' does not exist on type 'never'.
../../packages/core/features/profile-completion/hooks/useCompletionNudges.ts(28,52): error TS2339: Property 'completion' does not exist on type 'never'.
../../packages/core/features/profile-completion/hooks/useCompletionStatus.ts(98,19): error TS2339: Property 'completion' does not exist on type 'never'.
../../packages/core/features/profile-import/components/ImportReviewScreen.tsx(34,42): error TS2339: Property 'import' does not exist on type 'never'.
../../packages/core/features/profile-import/components/ImportReviewScreen.tsx(35,43): error TS2339: Property 'import' does not exist on type 'never'.
../../packages/core/features/profile-import/components/ImportReviewScreen.tsx(253,27): error TS2339: Property 'import' does not exist on type 'never'.
../../packages/core/features/profile-import/components/ImportReviewScreen.tsx(466,35): error TS2339: Property 'import' does not exist on type 'never'.
../../packages/core/features/profile-import/hooks/useImportData.ts(67,61): error TS2339: Property 'import' does not exist on type 'never'.
../../packages/core/features/profile-wizard/components/steps/SkillsStep.tsx(37,50): error TS2339: Property 'skills' does not exist on type 'never'.
../../packages/core/features/profile-wizard/components/steps/SkillsStep.tsx(39,17): error TS2339: Property 'skillsMultiTaxonomy' does not exist on type 'never'.
../../packages/core/features/profile/components/AccountDeletionPanel.tsx(13,48): error TS2339: Property 'requestWorkerDeletion' does not exist on type 'never'.
../../packages/core/features/profile/components/EducationEntryEditModal.tsx(57,38): error TS2339: Property 'education' does not exist on type 'never'.
../../packages/core/features/profile/components/EducationEntryEditModal.tsx(58,46): error TS2339: Property 'universities' does not exist on type 'never'.
../../packages/core/features/profile/components/EducationEntryEditModal.tsx(66,25): error TS7006: Parameter 'previousData' implicitly has an 'any' type.
../../packages/core/features/profile/components/EducationEntryEditModal.tsx(71,45): error TS2339: Property 'education' does not exist on type 'never'.
../../packages/core/features/profile/components/EmploymentSection.tsx(61,26): error TS2339: Property 'getUserEmployment' does not exist on type 'never'.
../../packages/core/features/profile/components/EmploymentSection.tsx(62,27): error TS2339: Property 'employment' does not exist on type 'never'.
../../packages/core/features/profile/components/EmploymentSection.tsx(67,22): error TS2339: Property 'updateUserEmployment' does not exist on type 'never'.
../../packages/core/features/profile/components/EmploymentSection.tsx(84,23): error TS2339: Property 'employment' does not exist on type 'never'.
../../packages/core/features/profile/components/GeneralProfileSection.tsx(64,26): error TS2339: Property 'getUserGeneral' does not exist on type 'never'.
../../packages/core/features/profile/components/GeneralProfileSection.tsx(65,27): error TS2339: Property 'general' does not exist on type 'never'.
../../packages/core/features/profile/components/GeneralProfileSection.tsx(70,22): error TS2339: Property 'updateUserGeneral' does not exist on type 'never'.
../../packages/core/features/profile/components/GeneralProfileSection.tsx(87,23): error TS2339: Property 'general' does not exist on type 'never'.
../../packages/core/features/profile/components/GeneralProfileSection.tsx(108,44): error TS2339: Property 'avatar' does not exist on type 'never'.
../../packages/core/features/profile/components/SoftSkillsHistoryTimeline.tsx(27,19): error TS2339: Property 'skills' does not exist on type 'never'.
../../packages/core/features/profile/components/SoftSkillsHistoryTimeline.tsx(33,45): error TS2339: Property 'skills' does not exist on type 'never'.
../../packages/core/features/profile/components/SoftSkillsHistoryTimeline.tsx(47,36): error TS7006: Parameter 'v' implicitly has an 'any' type.
../../packages/core/features/profile/components/SoftSkillsHistoryTimeline.tsx(58,25): error TS18046: 'average' is of type 'unknown'.
../../packages/core/features/profile/components/SoftSkillsHistoryTimeline.tsx(75,25): error TS18046: 'average' is of type 'unknown'.
../../packages/core/features/profile/components/SoftSkillsHistoryTimeline.tsx(218,26): error TS7006: Parameter 'version' implicitly has an 'any' type.
../../packages/core/features/profile/components/SoftSkillsHistoryTimeline.tsx(218,35): error TS7006: Parameter 'index' implicitly has an 'any' type.
../../packages/core/features/profile/components/SoftSkillsHistoryTimeline.tsx(286,30): error TS18046: 'average' is of type 'unknown'.
../../packages/core/features/profile/components/SoftSkillsProgressionChart.tsx(29,63): error TS2339: Property 'skills' does not exist on type 'never'.
../../packages/core/features/profile/components/SoftSkillsProgressionChart.tsx(38,45): error TS2339: Property 'skills' does not exist on type 'never'.
../../packages/core/features/profile/components/SoftSkillsProgressionChart.tsx(60,47): error TS7006: Parameter 'skill' implicitly has an 'any' type.
../../packages/core/features/profile/components/SoftSkillsRatingForm.tsx(59,59): error TS2339: Property 'skills' does not exist on type 'never'.
../../packages/core/features/profile/components/SoftSkillsRatingForm.tsx(67,29): error TS7006: Parameter 'skill' implicitly has an 'any' type.
../../packages/core/features/profile/components/SoftSkillsRatingForm.tsx(124,38): error TS2339: Property 'skills' does not exist on type 'never'.
../../packages/core/features/profile/components/SoftSkillsRatingForm.tsx(131,15): error TS7006: Parameter 'error' implicitly has an 'any' type.
../../packages/core/features/profile/components/SoftSkillsRatingForm.tsx(340,33): error TS2322: Type '{ children: Element[]; key: 1 | 2 | 3 | 4 | 5; flex: number; minWidth: number; style: { alignItems: "center"; }; opacity: number; }' is not assignable to type 'IntrinsicAttributes & Omit<RNTamaguiViewNonStyleProps, "elevation" | keyof StackStyleBase | "fullscreen"> & ... 5 more ... & RefAttributes<...>'.
  Property 'minWidth' does not exist on type 'IntrinsicAttributes & Omit<RNTamaguiViewNonStyleProps, "elevation" | keyof StackStyleBase | "fullscreen"> & ... 5 more ... & RefAttributes<...>'.
../../packages/core/features/profile/components/VanityUrlSection.tsx(41,19): error TS2339: Property 'widgets' does not exist on type 'never'.
../../packages/core/features/profile/components/VanityUrlSection.tsx(45,17): error TS2339: Property 'vanity' does not exist on type 'never'.
../../packages/core/features/profile/components/VanityUrlSection.tsx(48,42): error TS2339: Property 'vanity' does not exist on type 'never'.
../../packages/core/features/profile/components/VanityUrlSection.tsx(60,21): error TS2339: Property 'widgets' does not exist on type 'never'.
../../packages/core/features/profile/components/VanityUrlSection.tsx(61,21): error TS2339: Property 'vanity' does not exist on type 'never'.
../../packages/core/features/profile/components/VanityUrlSection.tsx(112,44): error TS2339: Property 'vanity' does not exist on type 'never'.
../../packages/core/features/profile/components/VanityUrlSection.tsx(129,62): error TS2339: Property 'vanity' does not exist on type 'never'.
../../packages/core/features/profile/hooks/useProfileSkillsMutations.ts(15,24): error TS2339: Property 'skillsMultiTaxonomy' does not exist on type 'never'.
../../packages/core/features/profile/hooks/useProfileSkillsMutations.ts(18,24): error TS2339: Property 'skillsMultiTaxonomy' does not exist on type 'never'.
../../packages/core/features/profile/hooks/useProfileSkillsMutations.ts(21,24): error TS2339: Property 'skillsMultiTaxonomy' does not exist on type 'never'.
../../packages/core/features/profile/hooks/useProfileSkillsMutations.ts(24,24): error TS2339: Property 'skills' does not exist on type 'never'.
../../packages/core/features/profile/hooks/useProfileSkillsMutations.ts(49,40): error TS2339: Property 'skillsMultiTaxonomy' does not exist on type 'never'.
../../packages/core/features/profile/hooks/useProfileSkillsMutations.ts(60,29): error TS2339: Property 'skillsMultiTaxonomy' does not exist on type 'never'.
../../packages/core/features/profile/hooks/useProfileSkillsMutations.ts(63,46): error TS2339: Property 'skillsMultiTaxonomy' does not exist on type 'never'.
../../packages/core/features/profile/hooks/useProfileSkillsMutations.ts(71,25): error TS2339: Property 'skillsMultiTaxonomy' does not exist on type 'never'.
../../packages/core/features/profile/hooks/useProfileSkillsMutations.ts(73,14): error TS7006: Parameter 'old' implicitly has an 'any' type.
../../packages/core/features/profile/hooks/useProfileSkillsMutations.ts(111,25): error TS2339: Property 'skillsMultiTaxonomy' does not exist on type 'never'.
../../packages/core/features/profile/hooks/useProfileSkillsMutations.ts(130,29): error TS2339: Property 'skillsMultiTaxonomy' does not exist on type 'never'.
../../packages/core/features/profile/hooks/useProfileSkillsMutations.ts(142,43): error TS2339: Property 'skillsMultiTaxonomy' does not exist on type 'never'.
../../packages/core/features/profile/hooks/useProfileSkillsMutations.ts(145,29): error TS2339: Property 'skillsMultiTaxonomy' does not exist on type 'never'.
../../packages/core/features/profile/hooks/useProfileSkillsMutations.ts(150,46): error TS2339: Property 'skillsMultiTaxonomy' does not exist on type 'never'.
../../packages/core/features/profile/hooks/useProfileSkillsMutations.ts(178,50): error TS2339: Property 'skills' does not exist on type 'never'.
../../packages/core/features/profile/hooks/useProfileSkillsQueries.ts(14,6): error TS2339: Property 'skillsMultiTaxonomy' does not exist on type 'never'.
../../packages/core/features/profile/hooks/useProfileSkillsQueries.ts(15,53): error TS2339: Property 'skillsMultiTaxonomy' does not exist on type 'never'.
../../packages/core/features/profile/hooks/useProfileSkillsQueries.ts(17,39): error TS2339: Property 'skillsMultiTaxonomy' does not exist on type 'never'.
../../packages/core/features/profile/hooks/useSaveStatus.ts(125,27): error TS2339: Property 'skillsMultiTaxonomy' does not exist on type 'never'.
../../packages/core/features/profile/profile-certifications-left.tsx(138,19): error TS2339: Property 'certifications' does not exist on type 'never'.
../../packages/core/features/profile/profile-certifications-left.tsx(142,17): error TS2339: Property 'certifications' does not exist on type 'never'.
../../packages/core/features/profile/profile-certifications-left.tsx(153,40): error TS2339: Property 'certifications' does not exist on type 'never'.
../../packages/core/features/profile/profile-certifications-left.tsx(158,35): error TS2339: Property 'certifications' does not exist on type 'never'.
../../packages/core/features/profile/profile-certifications-left.tsx(162,34): error TS2339: Property 'certifications' does not exist on type 'never'.
../../packages/core/features/profile/profile-certifications-left.tsx(166,38): error TS2339: Property 'certifications' does not exist on type 'never'.
../../packages/core/features/profile/profile-certifications-left.tsx(170,46): error TS2339: Property 'certifications' does not exist on type 'never'.
../../packages/core/features/profile/profile-certifications-left.tsx(171,48): error TS2339: Property 'certifications' does not exist on type 'never'.
../../packages/core/features/profile/profile-certifications-left.tsx(826,46): error TS2339: Property 'certifications' does not exist on type 'never'.
../../packages/core/features/profile/profile-certifications-left.tsx(899,46): error TS2339: Property 'certifications' does not exist on type 'never'.
../../packages/core/features/profile/profile-certifications-right.tsx(45,17): error TS2339: Property 'certifications' does not exist on type 'never'.
../../packages/core/features/profile/profile-certifications-right.tsx(47,35): error TS2339: Property 'certifications' does not exist on type 'never'.
../../packages/core/features/profile/profile-certifications-right.tsx(51,34): error TS2339: Property 'certifications' does not exist on type 'never'.
../../packages/core/features/profile/profile-education-left.tsx(116,38): error TS2339: Property 'education' does not exist on type 'never'.
../../packages/core/features/profile/profile-education-left.tsx(117,43): error TS2339: Property 'education' does not exist on type 'never'.
../../packages/core/features/profile/profile-education-left.tsx(122,45): error TS2339: Property 'education' does not exist on type 'never'.
../../packages/core/features/profile/profile-education-left.tsx(127,23): error TS2339: Property 'education' does not exist on type 'never'.
../../packages/core/features/profile/profile-education-left.tsx(128,23): error TS2339: Property 'education' does not exist on type 'never'.
../../packages/core/features/profile/profile-education-left.tsx(131,47): error TS2339: Property 'education' does not exist on type 'never'.
../../packages/core/features/profile/profile-education-left.tsx(132,43): error TS2339: Property 'education' does not exist on type 'never'.
../../packages/core/features/profile/profile-education-left.tsx(136,21): error TS2339: Property 'education' does not exist on type 'never'.
../../packages/core/features/profile/profile-education-left.tsx(140,21): error TS2339: Property 'education' does not exist on type 'never'.
../../packages/core/features/profile/profile-education-left.tsx(152,23): error TS2339: Property 'education' does not exist on type 'never'.
../../packages/core/features/profile/profile-education-left.tsx(155,23): error TS2339: Property 'education' does not exist on type 'never'.
../../packages/core/features/profile/profile-education-left.tsx(186,46): error TS2339: Property 'universities' does not exist on type 'never'.
../../packages/core/features/profile/profile-education-left.tsx(194,25): error TS7006: Parameter 'previousData' implicitly has an 'any' type.
../../packages/core/features/profile/profile-education-right.tsx(24,38): error TS2339: Property 'education' does not exist on type 'never'.
../../packages/core/features/profile/profile-education-right.tsx(28,47): error TS2339: Property 'education' does not exist on type 'never'.
../../packages/core/features/profile/profile-employment-left.tsx(159,19): error TS2339: Property 'employment' does not exist on type 'never'.
../../packages/core/features/profile/profile-employment-left.tsx(160,48): error TS2339: Property 'employment' does not exist on type 'never'.
../../packages/core/features/profile/profile-employment-left.tsx(164,27): error TS2339: Property 'employment' does not exist on type 'never'.
../../packages/core/features/profile/profile-employment-left.tsx(165,48): error TS2339: Property 'employment' does not exist on type 'never'.
../../packages/core/features/profile/profile-employment-left.tsx(166,21): error TS2339: Property 'employment' does not exist on type 'never'.
../../packages/core/features/profile/profile-employment-left.tsx(179,23): error TS2339: Property 'employment' does not exist on type 'never'.
../../packages/core/features/profile/profile-employment-left.tsx(193,27): error TS2339: Property 'employment' does not exist on type 'never'.
../../packages/core/features/profile/profile-experience-left.tsx(85,39): error TS2339: Property 'experience' does not exist on type 'never'.
../../packages/core/features/profile/profile-experience-left.tsx(86,46): error TS2339: Property 'experience' does not exist on type 'never'.
../../packages/core/features/profile/profile-experience-left.tsx(90,46): error TS2339: Property 'experience' does not exist on type 'never'.
../../packages/core/features/profile/profile-experience-left.tsx(95,23): error TS2339: Property 'experience' does not exist on type 'never'.
../../packages/core/features/profile/profile-experience-left.tsx(96,23): error TS2339: Property 'experience' does not exist on type 'never'.
../../packages/core/features/profile/profile-experience-left.tsx(99,48): error TS2339: Property 'experience' does not exist on type 'never'.
../../packages/core/features/profile/profile-experience-left.tsx(100,45): error TS2339: Property 'experience' does not exist on type 'never'.
../../packages/core/features/profile/profile-experience-left.tsx(104,21): error TS2339: Property 'experience' does not exist on type 'never'.
../../packages/core/features/profile/profile-experience-left.tsx(108,21): error TS2339: Property 'experience' does not exist on type 'never'.
../../packages/core/features/profile/profile-experience-left.tsx(120,23): error TS2339: Property 'experience' does not exist on type 'never'.
../../packages/core/features/profile/profile-experience-left.tsx(123,23): error TS2339: Property 'experience' does not exist on type 'never'.
../../packages/core/features/profile/profile-experience-right.tsx(81,39): error TS2339: Property 'experience' does not exist on type 'never'.
../../packages/core/features/profile/profile-experience-right.tsx(82,46): error TS2339: Property 'experience' does not exist on type 'never'.
../../packages/core/features/profile/profile-general-left.tsx(52,17): error TS2339: Property 'general' does not exist on type 'never'.
../../packages/core/features/profile/profile-general-left.tsx(53,45): error TS2339: Property 'general' does not exist on type 'never'.
../../packages/core/features/profile/profile-general-left.tsx(57,27): error TS2339: Property 'general' does not exist on type 'never'.
../../packages/core/features/profile/profile-general-left.tsx(58,45): error TS2339: Property 'general' does not exist on type 'never'.
../../packages/core/features/profile/profile-general-left.tsx(59,21): error TS2339: Property 'general' does not exist on type 'never'.
../../packages/core/features/profile/profile-general-left.tsx(72,23): error TS2339: Property 'general' does not exist on type 'never'.
../../packages/core/features/profile/profile-general-left.tsx(93,44): error TS2339: Property 'avatar' does not exist on type 'never'.
../../packages/core/features/profile/profile-skills-context.tsx(137,45): error TS2339: Property 'trackEvent' does not exist on type 'never'.
../../packages/core/features/profile/profile-skills-right.tsx(39,17): error TS2339: Property 'skillsMultiTaxonomy' does not exist on type 'never'.
../../packages/core/features/profile/profile-skills-right.tsx(45,43): error TS2339: Property 'skillsMultiTaxonomy' does not exist on type 'never'.
../../packages/core/features/profile/profile-skills-right.tsx(48,40): error TS2339: Property 'skillsMultiTaxonomy' does not exist on type 'never'.
../../packages/core/features/profile/utils/profile-sync.ts(7,19): error TS2339: Property 'general' does not exist on type 'never'.
../../packages/core/features/profile/utils/profile-sync.ts(8,19): error TS2339: Property 'employment' does not exist on type 'never'.
../../packages/core/features/profile/utils/profile-sync.ts(9,19): error TS2339: Property 'education' does not exist on type 'never'.
../../packages/core/features/profile/utils/profile-sync.ts(10,19): error TS2339: Property 'education' does not exist on type 'never'.
../../packages/core/features/profile/utils/profile-sync.ts(11,19): error TS2339: Property 'experience' does not exist on type 'never'.
../../packages/core/features/profile/utils/profile-sync.ts(12,19): error TS2339: Property 'experience' does not exist on type 'never'.
../../packages/core/features/profile/utils/profile-sync.ts(13,19): error TS2339: Property 'skills' does not exist on type 'never'.
../../packages/core/features/profile/utils/profile-sync.ts(14,19): error TS2339: Property 'skillsMultiTaxonomy' does not exist on type 'never'.
../../packages/core/features/profile/utils/profile-sync.ts(15,19): error TS2339: Property 'certifications' does not exist on type 'never'.
../../packages/core/features/profile/utils/profile-sync.ts(16,19): error TS2339: Property 'certifications' does not exist on type 'never'.
../../packages/core/features/profile/utils/profile-sync.ts(17,23): error TS2339: Property 'getUserProfile' does not exist on type 'never'.
../../packages/core/features/profile/utils/profile-sync.ts(18,23): error TS2339: Property 'getUserSkills' does not exist on type 'never'.
../../packages/core/features/profile/utils/profile-sync.ts(19,23): error TS2339: Property 'getUserCertifications' does not exist on type 'never'.
../../packages/core/features/profile/utils/profile-sync.ts(20,23): error TS2339: Property 'getUserExperience' does not exist on type 'never'.
../../packages/core/features/profile/utils/profile-sync.ts(21,23): error TS2339: Property 'getUserEducation' does not exist on type 'never'.
../../packages/core/features/profile/widgets/CertificationsWidget.tsx(44,17): error TS2339: Property 'widgets' does not exist on type 'never'.
../../packages/core/features/profile/widgets/EducationWidget.tsx(43,71): error TS2339: Property 'widgets' does not exist on type 'never'.
../../packages/core/features/profile/widgets/ExperienceWidget.tsx(45,17): error TS2339: Property 'widgets' does not exist on type 'never'.
../../packages/core/features/profile/widgets/GeneralInfoWidget.tsx(39,17): error TS2339: Property 'widgets' does not exist on type 'never'.
../../packages/core/features/profile/widgets/GeneralInfoWidget.tsx(97,45): error TS2339: Property 'getUserProfile' does not exist on type 'never'.
../../packages/core/features/profile/widgets/PortfolioGallery.tsx(33,66): error TS2339: Property 'list' does not exist on type 'never'.
../../packages/core/features/profile/widgets/PortfolioManager.tsx(159,64): error TS2339: Property 'list' does not exist on type 'never'.
../../packages/core/features/profile/widgets/PortfolioManager.tsx(166,40): error TS2339: Property 'create' does not exist on type 'never'.
../../packages/core/features/profile/widgets/PortfolioManager.tsx(168,23): error TS2339: Property 'list' does not exist on type 'never'.
../../packages/core/features/profile/widgets/PortfolioManager.tsx(182,40): error TS2339: Property 'update' does not exist on type 'never'.
../../packages/core/features/profile/widgets/PortfolioManager.tsx(184,23): error TS2339: Property 'list' does not exist on type 'never'.
../../packages/core/features/profile/widgets/PortfolioManager.tsx(198,40): error TS2339: Property 'delete' does not exist on type 'never'.
../../packages/core/features/profile/widgets/PortfolioManager.tsx(200,23): error TS2339: Property 'list' does not exist on type 'never'.
../../packages/core/features/profile/widgets/PortfolioManager.tsx(212,45): error TS2339: Property 'uploadImage' does not exist on type 'never'.
../../packages/core/features/profile/widgets/PortfolioManager.tsx(214,41): error TS2339: Property 'reorder' does not exist on type 'never'.
../../packages/core/features/profile/widgets/PortfolioManager.tsx(216,23): error TS2339: Property 'list' does not exist on type 'never'.
../../packages/core/features/profile/widgets/PreferencesWidget.tsx(16,50): error TS2339: Property 'widgets' does not exist on type 'never'.
../../packages/core/features/profile/widgets/ProfileSnapshotWidget.tsx(15,38): error TS2339: Property 'general' does not exist on type 'never'.
../../packages/core/features/profile/widgets/ProfileSnapshotWidget.tsx(19,17): error TS2339: Property 'widgets' does not exist on type 'never'.
../../packages/core/features/profile/widgets/ProfileSnapshotWidget.tsx(25,17): error TS2339: Property 'widgets' does not exist on type 'never'.
../../packages/core/features/profile/widgets/ProfileSnapshotWidget.tsx(30,66): error TS2339: Property 'widgets' does not exist on type 'never'.
../../packages/core/features/profile/widgets/ProfileSnapshotWidget.tsx(36,17): error TS2339: Property 'widgets' does not exist on type 'never'.
../../packages/core/features/profile/widgets/ProfileSnapshotWidget.tsx(42,17): error TS2339: Property 'widgets' does not exist on type 'never'.
../../packages/core/features/profile/widgets/reviews/hooks/useReviewAnalytics.ts(9,50): error TS2339: Property 'getReviewAnalytics' does not exist on type 'never'.
../../packages/core/features/profile/widgets/ReviewsWidget.tsx(44,45): error TS2339: Property 'getUserProfile' does not exist on type 'never'.
../../packages/core/features/profile/widgets/ReviewsWidget.tsx(56,19): error TS2339: Property 'getBySubject' does not exist on type 'never'.
../../packages/core/features/profile/widgets/SkillsWidget.tsx(60,71): error TS2339: Property 'widgets' does not exist on type 'never'.
../../packages/core/features/profile/widgets/SkillsWidget.tsx(72,19): error TS2339: Property 'skills' does not exist on type 'never'.
../../packages/core/features/profile/widgets/SkillsWidget.tsx(84,39): error TS7006: Parameter 'skill' implicitly has an 'any' type.
../../packages/core/features/profile/widgets/SoftSkillsComparisonWidget.tsx(40,50): error TS2339: Property 'skills' does not exist on type 'never'.
../../packages/core/features/profile/widgets/SoftSkillsComparisonWidget.tsx(48,48): error TS2339: Property 'skills' does not exist on type 'never'.
../../packages/core/features/profile/widgets/SoftSkillsComparisonWidget.tsx(59,8): error TS7006: Parameter 'skill' implicitly has an 'any' type.
../../packages/core/features/profile/widgets/SoftSkillsComparisonWidget.tsx(74,16): error TS7006: Parameter 'skill' implicitly has an 'any' type.
../../packages/core/features/profile/widgets/SoftSkillsComparisonWidget.tsx(75,13): error TS7006: Parameter 'skill' implicitly has an 'any' type.
../../packages/core/features/profile/widgets/SoftSkillsRadarWidget.tsx(43,50): error TS2339: Property 'skills' does not exist on type 'never'.
../../packages/core/features/profile/widgets/SoftSkillsRadarWidget.tsx(58,16): error TS7006: Parameter 'skill' implicitly has an 'any' type.
../../packages/core/features/profile/widgets/SoftSkillsRadarWidget.tsx(59,13): error TS7006: Parameter 'skill' implicitly has an 'any' type.
../../packages/core/features/profile/widgets/TechnicalSkillsWidget.tsx(46,71): error TS2339: Property 'widgets' does not exist on type 'never'.
../../packages/core/features/profile/widgets/WorkLogPortfolioWidget.tsx(13,44): error TS2339: Property 'publicProfileFeed' does not exist on type 'never'.
../../packages/core/features/resume/components/ResumeImportWidget.tsx(24,42): error TS2339: Property 'hasUploaded' does not exist on type 'never'.
../../packages/core/features/resume/components/ResumeUploadModal.tsx(49,43): error TS2339: Property 'upload' does not exist on type 'never'.
../../packages/core/features/resume/components/ResumeUploadModal.tsx(50,42): error TS2339: Property 'parse' does not exist on type 'never'.
../../packages/core/features/resume/components/ResumeUploadModal.tsx(197,28): error TS2339: Property 'hasUploaded' does not exist on type 'never'.
../../packages/core/features/resume/components/ResumeUploadModal.tsx(234,20): error TS2339: Property 'hasUploaded' does not exist on type 'never'.
../../packages/core/features/resume/components/ResumeWizard.tsx(115,43): error TS2339: Property 'general' does not exist on type 'never'.
../../packages/core/features/resume/components/ResumeWizard.tsx(118,39): error TS2339: Property 'experience' does not exist on type 'never'.
../../packages/core/features/resume/components/ResumeWizard.tsx(121,38): error TS2339: Property 'education' does not exist on type 'never'.
../../packages/core/features/resume/components/ResumeWizard.tsx(124,35): error TS2339: Property 'skillsMultiTaxonomy' does not exist on type 'never'.
../../packages/core/features/resume/components/ResumeWizard.tsx(127,43): error TS2339: Property 'certifications' does not exist on type 'never'.
../../packages/core/features/resume/components/ResumeWizard.tsx(133,39): error TS2339: Property 'employment' does not exist on type 'never'.
../../packages/core/features/resume/hooks/useResumeWizard.ts(30,34): error TS2339: Property 'getWizardState' does not exist on type 'never'.
../../packages/core/features/resume/hooks/useResumeWizard.ts(38,42): error TS2339: Property 'saveSection' does not exist on type 'never'.
../../packages/core/features/resume/hooks/useResumeWizard.ts(39,45): error TS2339: Property 'updateProgress' does not exist on type 'never'.
../../packages/core/features/reviews/components/ReviewWizard.tsx(56,43): error TS2339: Property 'createDraft' does not exist on type 'never'.
../../packages/core/features/reviews/components/ReviewWizard.tsx(57,41): error TS2339: Property 'saveDraft' does not exist on type 'never'.
../../packages/core/features/reviews/components/ReviewWizard.tsx(58,44): error TS2339: Property 'submitReview' does not exist on type 'never'.
../../packages/core/features/reviews/components/ReviewWizard.tsx(59,72): error TS2339: Property 'getMyReviews' does not exist on type 'never'.
../../packages/core/features/reviews/components/ReviewWizard.tsx(149,45): error TS2339: Property 'trackEvent' does not exist on type 'never'.
../../packages/core/features/riasec-assessment/RIASECAssessmentWidget.tsx(13,48): error TS2339: Property 'getRIASECStatus' does not exist on type 'never'.
../../packages/core/features/riasec-assessment/RIASECAssessmentWizard.tsx(21,55): error TS2339: Property 'getRIASECStatus' does not exist on type 'never'.
../../packages/core/features/riasec-assessment/RIASECAssessmentWizard.tsx(32,33): error TS2339: Property 'saveCareerAssessment' does not exist on type 'never'.
../../packages/core/features/riasec-assessment/RIASECAssessmentWizard.tsx(35,18): error TS2339: Property 'getRIASECStatus' does not exist on type 'never'.
../../packages/core/features/user-profile/hooks/useConnectionStatus.ts(6,21): error TS2339: Property 'getConnections' does not exist on type 'never'.
../../packages/core/features/user-profile/hooks/useConnectionStatus.ts(11,21): error TS2339: Property 'getPendingRequests' does not exist on type 'never'.
../../packages/core/features/user-profile/hooks/useFollowStatus.ts(4,54): error TS2339: Property 'getFollowing' does not exist on type 'never'.
../../packages/core/features/user-profile/user-profile-header-enhanced.tsx(75,47): error TS2339: Property 'sendRequest' does not exist on type 'never'.
../../packages/core/features/user-profile/user-profile-header-enhanced.tsx(77,31): error TS2339: Property 'getConnections' does not exist on type 'never'.
../../packages/core/features/user-profile/user-profile-header-enhanced.tsx(78,31): error TS2339: Property 'getPendingRequests' does not exist on type 'never'.
../../packages/core/features/user-profile/user-profile-header-enhanced.tsx(81,25): error TS2339: Property 'getConnections' does not exist on type 'never'.
../../packages/core/features/user-profile/user-profile-header-enhanced.tsx(82,25): error TS2339: Property 'getPendingRequests' does not exist on type 'never'.
../../packages/core/features/user-profile/user-profile-header-enhanced.tsx(94,49): error TS2339: Property 'acceptRequest' does not exist on type 'never'.
../../packages/core/features/user-profile/user-profile-header-enhanced.tsx(96,31): error TS2339: Property 'getConnections' does not exist on type 'never'.
../../packages/core/features/user-profile/user-profile-header-enhanced.tsx(97,31): error TS2339: Property 'getPendingRequests' does not exist on type 'never'.
../../packages/core/features/user-profile/user-profile-header-enhanced.tsx(100,25): error TS2339: Property 'getConnections' does not exist on type 'never'.
../../packages/core/features/user-profile/user-profile-header-enhanced.tsx(101,25): error TS2339: Property 'getPendingRequests' does not exist on type 'never'.
../../packages/core/features/user-profile/user-profile-header-enhanced.tsx(113,50): error TS2339: Property 'declineRequest' does not exist on type 'never'.
../../packages/core/features/user-profile/user-profile-header-enhanced.tsx(115,31): error TS2339: Property 'getPendingRequests' does not exist on type 'never'.
../../packages/core/features/user-profile/user-profile-header-enhanced.tsx(118,25): error TS2339: Property 'getPendingRequests' does not exist on type 'never'.
../../packages/core/features/user-profile/user-profile-header-enhanced.tsx(127,52): error TS2339: Property 'removeConnection' does not exist on type 'never'.
../../packages/core/features/user-profile/user-profile-header-enhanced.tsx(129,31): error TS2339: Property 'getConnections' does not exist on type 'never'.
../../packages/core/features/user-profile/user-profile-header-enhanced.tsx(132,25): error TS2339: Property 'getConnections' does not exist on type 'never'.
../../packages/core/features/user-profile/user-profile-header-enhanced.tsx(145,38): error TS2339: Property 'followUser' does not exist on type 'never'.
../../packages/core/features/user-profile/user-profile-header-enhanced.tsx(147,27): error TS2339: Property 'getFollowing' does not exist on type 'never'.
../../packages/core/features/user-profile/user-profile-header-enhanced.tsx(150,21): error TS2339: Property 'getFollowing' does not exist on type 'never'.
../../packages/core/features/user-profile/user-profile-header-enhanced.tsx(162,40): error TS2339: Property 'unfollowUser' does not exist on type 'never'.
../../packages/core/features/user-profile/user-profile-header-enhanced.tsx(164,27): error TS2339: Property 'getFollowing' does not exist on type 'never'.
../../packages/core/features/user-profile/user-profile-header-enhanced.tsx(167,21): error TS2339: Property 'getFollowing' does not exist on type 'never'.
../../packages/core/features/user-profile/user-profile-left.tsx(30,72): error TS2339: Property 'getUserProfile' does not exist on type 'never'.
../../packages/core/features/user-profile/user-profile-left.tsx(34,75): error TS2339: Property 'getUserSkills' does not exist on type 'never'.
../../packages/core/features/user-profile/user-profile-left.tsx(38,57): error TS2339: Property 'getUserCertifications' does not exist on type 'never'.
../../packages/core/features/user-profile/user-profile-left.tsx(40,53): error TS2339: Property 'getUserExperience' does not exist on type 'never'.
../../packages/core/features/user-profile/user-profile-left.tsx(42,52): error TS2339: Property 'getUserEducation' does not exist on type 'never'.
../../packages/core/features/user-profile/user-profile-reviews.tsx(32,45): error TS2339: Property 'trackEvent' does not exist on type 'never'.
../../packages/core/features/user-profile/user-profile-reviews.tsx(35,56): error TS2339: Property 'getBySubject' does not exist on type 'never'.
../../packages/core/features/user-profile/user-profile-right.tsx(25,45): error TS2339: Property 'getUserProfile' does not exist on type 'never'.
../../packages/core/features/user-profile/user-profile-right.tsx(29,17): error TS2339: Property 'widgets' does not exist on type 'never'.
../../packages/core/features/user-profile/user-profile-right.tsx(34,44): error TS2339: Property 'widgets' does not exist on type 'never'.
../../packages/core/features/user-profile/user-profile-right.tsx(39,40): error TS2339: Property 'widgets' does not exist on type 'never'.
../../packages/core/features/user-profile/user-profile-right.tsx(44,48): error TS2339: Property 'widgets' does not exist on type 'never'.
../../packages/core/features/user-profile/user-profile-right.tsx(49,43): error TS2339: Property 'widgets' does not exist on type 'never'.
../../packages/core/features/work-logs/components/WorkLogVisibilitySettingsCard.tsx(17,34): error TS2339: Property 'list' does not exist on type 'never'.
../../packages/core/features/work-logs/components/WorkLogVisibilitySettingsCard.tsx(26,56): error TS2339: Property 'updateProfileVisibility' does not exist on type 'never'.
../../packages/core/features/work-logs/components/WorkLogVisibilitySettingsCard.tsx(29,32): error TS2339: Property 'list' does not exist on type 'never'.
../../packages/core/features/work-logs/hooks/__tests__/useWorkLogSync.test.ts(99,32): error TS2339: Property 'create' does not exist on type 'never'.
../../packages/core/features/work-logs/hooks/__tests__/useWorkLogSync.test.ts(102,32): error TS2339: Property 'update' does not exist on type 'never'.
../../packages/core/features/work-logs/hooks/__tests__/useWorkLogSync.test.ts(105,32): error TS2339: Property 'uploadPhoto' does not exist on type 'never'.
../../packages/core/features/work-logs/hooks/usePhotoUpload.ts(303,74): error TS2339: Property 'getById' does not exist on type 'never'.
../../packages/core/features/work-logs/hooks/usePhotoUpload.ts(311,39): error TS2339: Property 'uploadPhoto' does not exist on type 'never'.
../../packages/core/features/work-logs/hooks/usePhotoUpload.ts(312,47): error TS2339: Property 'updatePhotoMetadata' does not exist on type 'never'.
../../packages/core/features/work-logs/hooks/usePhotoUpload.ts(313,49): error TS2339: Property 'updatePhotoVisibility' does not exist on type 'never'.
../../packages/core/features/work-logs/hooks/usePhotoUpload.ts(314,44): error TS2339: Property 'deletePhoto' does not exist on type 'never'.
../../packages/core/features/work-logs/hooks/usePhotoUpload.ts(350,26): error TS2339: Property 'getById' does not exist on type 'never'.
../../packages/core/features/work-logs/hooks/usePhotoUpload.ts(351,22): error TS2339: Property 'getById' does not exist on type 'never'.
../../packages/core/features/work-logs/hooks/useWorkLogForm.ts(116,25): error TS2339: Property 'getProjectOptions' does not exist on type 'never'.
../../packages/core/features/work-logs/hooks/useWorkLogForm.ts(120,46): error TS2339: Property 'skills' does not exist on type 'never'.
../../packages/core/features/work-logs/hooks/useWorkLogForm.ts(207,44): error TS2339: Property 'getProjectOptions' does not exist on type 'never'.
../../packages/core/features/work-logs/hooks/useWorkLogForm.ts(214,35): error TS2339: Property 'skills' does not exist on type 'never'.
../../packages/core/features/work-logs/hooks/useWorkLogForm.ts(248,46): error TS2339: Property 'create' does not exist on type 'never'.
../../packages/core/features/work-logs/hooks/useWorkLogForm.ts(249,15): error TS7006: Parameter 'error' implicitly has an 'any' type.
../../packages/core/features/work-logs/hooks/useWorkLogForm.ts(260,46): error TS2339: Property 'update' does not exist on type 'never'.
../../packages/core/features/work-logs/hooks/useWorkLogForm.ts(261,15): error TS7006: Parameter 'error' implicitly has an 'any' type.
../../packages/core/features/work-logs/hooks/useWorkLogSync.ts(107,46): error TS2339: Property 'create' does not exist on type 'never'.
../../packages/core/features/work-logs/hooks/useWorkLogSync.ts(108,46): error TS2339: Property 'update' does not exist on type 'never'.
../../packages/core/features/work-logs/hooks/useWorkLogSync.ts(109,44): error TS2339: Property 'uploadPhoto' does not exist on type 'never'.
../../packages/core/features/work-logs/screens/WorkLogDetailScreen.tsx(9,3): error TS2724: '"@tamagui/lucide-icons"' has no exported member named 'Edit'. Did you mean 'Edit3'?
../../packages/core/features/work-logs/screens/WorkLogDetailScreen.tsx(55,37): error TS2339: Property 'getById' does not exist on type 'never'.
../../packages/core/features/work-logs/screens/WorkLogDetailScreen.tsx(60,42): error TS2339: Property 'getConversation' does not exist on type 'never'.
../../packages/core/features/work-logs/screens/WorkLogDetailScreen.tsx(65,43): error TS2339: Property 'getCollaborators' does not exist on type 'never'.
../../packages/core/features/work-logs/screens/WorkLogDetailScreen.tsx(70,44): error TS2339: Property 'getProjectOptions' does not exist on type 'never'.
../../packages/core/features/work-logs/screens/WorkLogDetailScreen.tsx(74,35): error TS2339: Property 'skills' does not exist on type 'never'.
../../packages/core/features/work-logs/screens/WorkLogDetailScreen.tsx(78,43): error TS2339: Property 'addComment' does not exist on type 'never'.
../../packages/core/features/work-logs/screens/WorkLogDetailScreen.tsx(83,15): error TS7006: Parameter 'error' implicitly has an 'any' type.
../../packages/core/features/work-logs/screens/WorkLogDetailScreen.tsx(90,39): error TS2339: Property 'exportWorkLog' does not exist on type 'never'.
../../packages/core/features/work-logs/screens/WorkLogDetailScreen.tsx(91,23): error TS7006: Parameter 'data' implicitly has an 'any' type.
../../packages/core/features/work-logs/screens/WorkLogDetailScreen.tsx(91,29): error TS7006: Parameter 'variables' implicitly has an 'any' type.
../../packages/core/features/work-logs/screens/WorkLogDetailScreen.tsx(103,15): error TS7006: Parameter 'error' implicitly has an 'any' type.
../../packages/core/features/work-logs/screens/WorkLogDetailScreen.tsx(110,48): error TS2339: Property 'addCollaborator' does not exist on type 'never'.
../../packages/core/features/work-logs/screens/WorkLogDetailScreen.tsx(118,15): error TS7006: Parameter 'error' implicitly has an 'any' type.
../../packages/core/features/work-logs/screens/WorkLogDetailScreen.tsx(125,51): error TS2339: Property 'updateCollaborator' does not exist on type 'never'.
../../packages/core/features/work-logs/screens/WorkLogDetailScreen.tsx(129,15): error TS7006: Parameter 'error' implicitly has an 'any' type.
../../packages/core/features/work-logs/screens/WorkLogDetailScreen.tsx(136,51): error TS2339: Property 'removeCollaborator' does not exist on type 'never'.
../../packages/core/features/work-logs/screens/WorkLogDetailScreen.tsx(143,15): error TS7006: Parameter 'error' implicitly has an 'any' type.
../../packages/core/features/work-logs/screens/WorkLogDetailScreen.tsx(150,56): error TS2339: Property 'updateProfileVisibility' does not exist on type 'never'.
../../packages/core/features/work-logs/screens/WorkLogDetailScreen.tsx(153,69): error TS2339: Property 'list' does not exist on type 'never'.
../../packages/core/features/work-logs/screens/WorkLogDetailScreen.tsx(155,15): error TS7006: Parameter 'error' implicitly has an 'any' type.
../../packages/core/features/work-logs/screens/WorkLogDetailScreen.tsx(162,54): error TS2339: Property 'updatePhotoVisibility' does not exist on type 'never'.
../../packages/core/features/work-logs/screens/WorkLogDetailScreen.tsx(167,15): error TS7006: Parameter 'error' implicitly has an 'any' type.
../../packages/core/features/work-logs/screens/WorkLogDetailScreen.tsx(184,10): error TS7006: Parameter 'candidate' implicitly has an 'any' type.
../../packages/core/features/work-logs/screens/WorkLogDetailScreen.tsx(242,24): error TS2322: Type '{ children: Element[]; flex: number; justifyContent: string; items: "center"; gap: "$3"; }' is not assignable to type 'IntrinsicAttributes & Omit<RNTamaguiViewNonStyleProps, "elevation" | keyof StackStyleBase | "fullscreen"> & ... 5 more ... & RefAttributes<...>'.
  Property 'justifyContent' does not exist on type 'IntrinsicAttributes & Omit<RNTamaguiViewNonStyleProps, "elevation" | keyof StackStyleBase | "fullscreen"> & ... 5 more ... & RefAttributes<...>'.
../../packages/core/features/work-logs/screens/WorkLogDetailScreen.tsx(251,24): error TS2322: Type '{ children: Element[]; flex: number; justifyContent: string; items: "center"; gap: "$3"; p: "$4"; }' is not assignable to type 'IntrinsicAttributes & Omit<RNTamaguiViewNonStyleProps, "elevation" | keyof StackStyleBase | "fullscreen"> & ... 5 more ... & RefAttributes<...>'.
  Property 'justifyContent' does not exist on type 'IntrinsicAttributes & Omit<RNTamaguiViewNonStyleProps, "elevation" | keyof StackStyleBase | "fullscreen"> & ... 5 more ... & RefAttributes<...>'.
../../packages/core/features/work-logs/screens/WorkLogDetailScreen.tsx(375,17): error TS2322: Type 'string' is not assignable to type 'OpaqueColorValue | GetThemeValueForKey<"color"> | undefined'.
../../packages/core/features/work-logs/screens/WorkLogDetailScreen.tsx(563,17): error TS2322: Type '{ id: string; workLogId: string; filePath: string; mediumPath: string; thumbnailPath: string; caption: string; photoType: string | null; displayOrder: number; showOnProfile: boolean; fileSizeBytes: number; ... 4 more ...; isRefreshingUrl: false; }[]' is not assignable to type 'ResolvedWorkLogPhoto[]'.
  Type '{ id: string; workLogId: string; filePath: string; mediumPath: string; thumbnailPath: string; caption: string; photoType: string | null; displayOrder: number; showOnProfile: boolean; fileSizeBytes: number; ... 4 more ...; isRefreshingUrl: false; }' is not assignable to type 'ResolvedWorkLogPhoto'.
    Types of property 'photoType' are incompatible.
      Type 'string | null' is not assignable to type 'WorkLogPhotoType'.
        Type 'string' is not assignable to type 'WorkLogPhotoType'.
../../packages/core/features/work-logs/screens/WorkLogDetailScreen.tsx(633,19): error TS2322: Type '"default" | "outlined"' is not assignable to type '"outlined" | undefined'.
  Type '"default"' is not assignable to type '"outlined"'.
../../packages/core/features/work-logs/screens/WorkLogDetailScreen.tsx(641,19): error TS2322: Type '"default" | "outlined"' is not assignable to type '"outlined" | undefined'.
  Type '"default"' is not assignable to type '"outlined"'.
../../packages/core/features/work-logs/screens/WorkLogDetailScreen.tsx(650,17): error TS2322: Type '{ children: string; size: "$3"; icon: IconComponent; loading: any; onPress: () => void; }' is not assignable to type 'IntrinsicAttributes & Omit<GetFinalProps<RNTamaguiViewNonStyleProps, StackStyleBase, { size?: number | SizeTokens | undefined; ... 16 more ...; chromeless?: boolean | ... 1 more ... | undefined; }>, "unstyled" | ... 8 more ... | "scaleSpace"> & ... 4 more ... & RefAttributes<...>'.
  Property 'loading' does not exist on type 'IntrinsicAttributes & Omit<GetFinalProps<RNTamaguiViewNonStyleProps, StackStyleBase, { size?: number | SizeTokens | undefined; ... 16 more ...; chromeless?: boolean | ... 1 more ... | undefined; }>, "unstyled" | ... 8 more ... | "scaleSpace"> & ... 4 more ... & RefAttributes<...>'.
../../packages/core/features/work-logs/screens/WorkLogDetailScreen.tsx(698,17): error TS2322: Type '{ children: string; size: "$3"; icon: IconComponent; loading: any; onPress: () => void; }' is not assignable to type 'IntrinsicAttributes & Omit<GetFinalProps<RNTamaguiViewNonStyleProps, StackStyleBase, { size?: number | SizeTokens | undefined; ... 16 more ...; chromeless?: boolean | ... 1 more ... | undefined; }>, "unstyled" | ... 8 more ... | "scaleSpace"> & ... 4 more ... & RefAttributes<...>'.
  Property 'loading' does not exist on type 'IntrinsicAttributes & Omit<GetFinalProps<RNTamaguiViewNonStyleProps, StackStyleBase, { size?: number | SizeTokens | undefined; ... 16 more ...; chromeless?: boolean | ... 1 more ... | undefined; }>, "unstyled" | ... 8 more ... | "scaleSpace"> & ... 4 more ... & RefAttributes<...>'.
../../packages/core/features/work-logs/screens/WorkLogDetailScreen.tsx(720,17): error TS2322: Type '{ children: string; size: "$4"; icon: IconComponent; loading: any; onPress: () => any; }' is not assignable to type 'IntrinsicAttributes & Omit<GetFinalProps<RNTamaguiViewNonStyleProps, StackStyleBase, { size?: number | SizeTokens | undefined; ... 16 more ...; chromeless?: boolean | ... 1 more ... | undefined; }>, "unstyled" | ... 8 more ... | "scaleSpace"> & ... 4 more ... & RefAttributes<...>'.
  Property 'loading' does not exist on type 'IntrinsicAttributes & Omit<GetFinalProps<RNTamaguiViewNonStyleProps, StackStyleBase, { size?: number | SizeTokens | undefined; ... 16 more ...; chromeless?: boolean | ... 1 more ... | undefined; }>, "unstyled" | ... 8 more ... | "scaleSpace"> & ... 4 more ... & RefAttributes<...>'.
../../packages/core/features/work-logs/screens/WorkLogDetailScreen.tsx(734,17): error TS2322: Type '{ children: string; size: "$4"; icon: IconComponent; variant: "outlined"; loading: any; onPress: () => any; }' is not assignable to type 'IntrinsicAttributes & Omit<GetFinalProps<RNTamaguiViewNonStyleProps, StackStyleBase, { size?: number | SizeTokens | undefined; ... 16 more ...; chromeless?: boolean | ... 1 more ... | undefined; }>, "unstyled" | ... 8 more ... | "scaleSpace"> & ... 4 more ... & RefAttributes<...>'.
  Property 'loading' does not exist on type 'IntrinsicAttributes & Omit<GetFinalProps<RNTamaguiViewNonStyleProps, StackStyleBase, { size?: number | SizeTokens | undefined; ... 16 more ...; chromeless?: boolean | ... 1 more ... | undefined; }>, "unstyled" | ... 8 more ... | "scaleSpace"> & ... 4 more ... & RefAttributes<...>'.
../../packages/core/features/work-logs/screens/WorkLogDetailScreen.tsx(753,9): error TS2304: Cannot find name 'IconRenderer'.
../../packages/core/features/work-logs/screens/WorkLogListScreen.tsx(20,34): error TS2339: Property 'list' does not exist on type 'never'.
../../packages/core/hooks/useNotificationDeviceRegistration.ts(42,46): error TS2339: Property 'devices' does not exist on type 'never'.
../../packages/core/hooks/useNotificationDeviceRegistration.ts(43,44): error TS2339: Property 'devices' does not exist on type 'never'.
../../packages/core/utils/api.ts(21,36): error TS2344: Type 'CreateRouterInner<RootConfig<{ ctx: Context; meta: object; errorShape: DefaultErrorShape; transformer: DefaultDataTransformer; }>, { ...; }>' does not satisfy the constraint 'Router<any, any>'.
  Types of property '_def' are incompatible.
    Property 'lazy' is missing in type 'RouterDef<RootConfig<{ ctx: Context; meta: object; errorShape: DefaultErrorShape; transformer: DefaultDataTransformer; }>, { ...; }, { ...; }>' but required in type 'RouterDef<any, any>'.
../../packages/core/utils/auth/useUserRoles.ts(19,32): error TS2339: Property 'getUserRoles' does not exist on type 'never'.
../../packages/core/utils/SchemaForm.tsx(59,34): error TS2345: Argument of type 'readonly [readonly [ZodString, ({ value, onChangeText, placeholder, ...props }: TextFieldProps) => Element], readonly [ZodString, ({ value, onChangeText, placeholder, ...props }: TextFieldProps) => Element], readonly [...], readonly [...]]' is not assignable to parameter of type 'FormComponentMapping'.
  Type 'readonly [ZodString, ({ value, onChangeText, placeholder, ...props }: TextFieldProps) => Element] | readonly [ZodBranded<RTFSupportedZodTypes, "email">, ({ value, onChangeText, placeholder, ...props }: TextFieldProps) => Element] | readonly [...]' is not assignable to type 'MappingItem<any>'.
    Type 'readonly [ZodString, ({ value, onChangeText, placeholder, ...props }: TextFieldProps) => Element]' is not assignable to type 'readonly [RTFBaseZodType, ReactComponentWithRequiredProps<any>]'.
      Type at position 0 in source is not compatible with type at position 0 in target.
        Type 'ZodString' is not assignable to type 'RTFBaseZodType'.
          Type 'ZodString' is not assignable to type 'ZodString | ZodObject<any, any, any, any, any> | ZodDiscriminatedUnion<any, any> | ZodEnum<any> | ZodBranded<any, any> | ZodEffects<...>'.
            Type 'ZodString' is missing the following properties from type 'ZodString': base64url, jwt, cidr, isCIDR, and 3 more.
../../packages/core/utils/supabase/client.ts(2,10): error TS2305: Module '"@supabase/supabase-js"' has no exported member 'createClient'.
../../packages/core/utils/useAllOrganizations.ts(16,21): error TS2339: Property 'getOrganizations' does not exist on type 'never'.
../../packages/supabase/functions/_shared/analytics.ts(2,10): error TS2305: Module '"posthog-node"' has no exported member 'PostHog'.
../../packages/supabase/functions/_shared/background-check-notifications.ts(2,43): error TS6307: File '/Users/clay/Development/SCF-Scaffald/packages/supabase/functions/_shared/background-check-schemas.ts' is not listed within the file list of project '/Users/clay/Development/SCF-Scaffald/apps/expo/tsconfig.json'. Projects must list all files or use an 'include' pattern.
  The file is in the program because:
    Imported via './background-check-schemas.ts' from file '/Users/clay/Development/SCF-Scaffald/packages/supabase/functions/_shared/background-check-notifications.ts'
    Imported via '../../_shared/background-check-schemas.ts' from file '/Users/clay/Development/SCF-Scaffald/packages/supabase/functions/trpc/routers/background-checks.router.ts'
    Imported via "./background-check-schemas.ts" from file '/Users/clay/Development/SCF-Scaffald/packages/supabase/functions/_shared/background-check-status.ts'
../../packages/supabase/functions/_shared/background-check-notifications.ts(9,8): error TS6307: File '/Users/clay/Development/SCF-Scaffald/packages/supabase/functions/_shared/notifications/types.ts' is not listed within the file list of project '/Users/clay/Development/SCF-Scaffald/apps/expo/tsconfig.json'. Projects must list all files or use an 'include' pattern.
  The file is in the program because:
    Imported via './notifications/types.ts' from file '/Users/clay/Development/SCF-Scaffald/packages/supabase/functions/_shared/background-check-notifications.ts'
    Imported via './types.ts' from file '/Users/clay/Development/SCF-Scaffald/packages/supabase/functions/_shared/notifications/utils.ts'
    Imported via './notifications/types.ts' from file '/Users/clay/Development/SCF-Scaffald/packages/supabase/functions/_shared/work-log-notifications.ts'
../../packages/supabase/functions/_shared/background-check-notifications.ts(15,8): error TS6307: File '/Users/clay/Development/SCF-Scaffald/packages/supabase/functions/_shared/notifications/utils.ts' is not listed within the file list of project '/Users/clay/Development/SCF-Scaffald/apps/expo/tsconfig.json'. Projects must list all files or use an 'include' pattern.
  The file is in the program because:
    Imported via './notifications/utils.ts' from file '/Users/clay/Development/SCF-Scaffald/packages/supabase/functions/_shared/background-check-notifications.ts'
    Imported via '../../_shared/notifications/utils.ts' from file '/Users/clay/Development/SCF-Scaffald/packages/supabase/functions/trpc/routers/connections.router.ts'
    Imported via '../../_shared/notifications/utils.ts' from file '/Users/clay/Development/SCF-Scaffald/packages/supabase/functions/trpc/routers/inquiries.router.ts'
    Imported via "../../_shared/notifications/utils.ts" from file '/Users/clay/Development/SCF-Scaffald/packages/supabase/functions/trpc/routers/work-logs.router.ts'
    Imported via './notifications/utils.ts' from file '/Users/clay/Development/SCF-Scaffald/packages/supabase/functions/_shared/work-log-notifications.ts'
../../packages/supabase/functions/_shared/ipip-archetype-mapper.ts(1,45): error TS6307: File '/Users/clay/Development/SCF-Scaffald/packages/supabase/functions/_shared/ipip-types.ts' is not listed within the file list of project '/Users/clay/Development/SCF-Scaffald/apps/expo/tsconfig.json'. Projects must list all files or use an 'include' pattern.
  The file is in the program because:
    Imported via './ipip-types.ts' from file '/Users/clay/Development/SCF-Scaffald/packages/supabase/functions/_shared/ipip-archetype-mapper.ts'
    Imported via './ipip-types.ts' from file '/Users/clay/Development/SCF-Scaffald/packages/supabase/functions/_shared/ipip-score.ts'
    Imported via '../../_shared/ipip-types.ts' from file '/Users/clay/Development/SCF-Scaffald/packages/supabase/functions/trpc/routers/personality-assessment.router.ts'
../../packages/supabase/functions/_shared/nationsearch/client.ts(181,60): error TS2345: Argument of type 'Uint8Array<ArrayBufferLike>' is not assignable to parameter of type 'BufferSource'.
  Type 'Uint8Array<ArrayBufferLike>' is not assignable to type 'ArrayBufferView<ArrayBuffer>'.
    Types of property 'buffer' are incompatible.
      Type 'ArrayBufferLike' is not assignable to type 'ArrayBuffer'.
        Type 'SharedArrayBuffer' is missing the following properties from type 'ArrayBuffer': resizable, resize, detached, transfer, transferToFixedLength
../../packages/supabase/functions/_shared/notifications/types.ts(1,15): error TS2305: Module '"@supabase/supabase-js"' has no exported member 'SupabaseClient'.
../../packages/supabase/functions/_shared/notifications/utils.ts(1,10): error TS2305: Module '"@supabase/supabase-js"' has no exported member 'createClient'.
../../packages/supabase/functions/_shared/permissions/team-permissions.ts(1,15): error TS2305: Module '"@supabase/supabase-js"' has no exported member 'SupabaseClient'.
../../packages/supabase/functions/_shared/profile-schemas.ts(2,35): error TS6307: File '/Users/clay/Development/SCF-Scaffald/packages/supabase/functions/_shared/phone.ts' is not listed within the file list of project '/Users/clay/Development/SCF-Scaffald/apps/expo/tsconfig.json'. Projects must list all files or use an 'include' pattern.
../../packages/supabase/functions/_shared/team-audit-log.ts(1,15): error TS2305: Module '"@supabase/supabase-js"' has no exported member 'SupabaseClient'.
../../packages/supabase/functions/_shared/utils/application-assignment.ts(1,15): error TS2305: Module '"@supabase/supabase-js"' has no exported member 'PostgrestError'.
../../packages/supabase/functions/_shared/utils/application-assignment.ts(1,31): error TS2305: Module '"@supabase/supabase-js"' has no exported member 'SupabaseClient'.
../../packages/supabase/functions/_shared/utils/team-metrics.ts(1,15): error TS2305: Module '"@supabase/supabase-js"' has no exported member 'SupabaseClient'.
../../packages/supabase/functions/_shared/work-log-export.ts(2,15): error TS2305: Module '"pdf-lib"' has no exported member 'PDFFont'.
../../packages/supabase/functions/_shared/work-log-export.ts(2,24): error TS2305: Module '"pdf-lib"' has no exported member 'PDFPage'.
../../packages/supabase/functions/_shared/work-log-export.ts(3,10): error TS2305: Module '"pdf-lib"' has no exported member 'PDFDocument'.
../../packages/supabase/functions/_shared/work-log-export.ts(3,23): error TS2305: Module '"pdf-lib"' has no exported member 'StandardFonts'.
../../packages/supabase/functions/trpc/context.ts(2,10): error TS2305: Module '"@supabase/supabase-js"' has no exported member 'createClient'.
../../packages/supabase/functions/trpc/context.ts(3,31): error TS6307: File '/Users/clay/Development/SCF-Scaffald/packages/supabase/functions/_shared/database.types.ts' is not listed within the file list of project '/Users/clay/Development/SCF-Scaffald/apps/expo/tsconfig.json'. Projects must list all files or use an 'include' pattern.
  The file is in the program because:
    Imported via "../_shared/database.types.ts" from file '/Users/clay/Development/SCF-Scaffald/packages/supabase/functions/trpc/context.ts'
    Imported via '../database.types.ts' from file '/Users/clay/Development/SCF-Scaffald/packages/supabase/functions/_shared/utils/application-assignment.ts'
    Imported via './database.types.ts' from file '/Users/clay/Development/SCF-Scaffald/packages/supabase/functions/_shared/background-check-notifications.ts'
    Imported via "../database.types.ts" from file '/Users/clay/Development/SCF-Scaffald/packages/supabase/functions/_shared/notifications/types.ts'
    Imported via '../database.types.ts' from file '/Users/clay/Development/SCF-Scaffald/packages/supabase/functions/_shared/notifications/utils.ts'
    Imported via './database.types.ts' from file '/Users/clay/Development/SCF-Scaffald/packages/supabase/functions/_shared/id-verification-utils.ts'
    Imported via '../database.types.ts' from file '/Users/clay/Development/SCF-Scaffald/packages/supabase/functions/_shared/permissions/team-permissions.ts'
    Imported via "./database.types.ts" from file '/Users/clay/Development/SCF-Scaffald/packages/supabase/functions/_shared/team-audit-log.ts'
    Imported via '../database.types.ts' from file '/Users/clay/Development/SCF-Scaffald/packages/supabase/functions/_shared/utils/team-metrics.ts'
    Imported via '../../_shared/database.types.ts' from file '/Users/clay/Development/SCF-Scaffald/packages/supabase/functions/trpc/_shared/database.types.ts'
    Imported via '../../_shared/database.types.ts' from file '/Users/clay/Development/SCF-Scaffald/packages/supabase/functions/trpc/_shared/database.types.ts'
    Imported via "../../_shared/database.types.ts" from file '/Users/clay/Development/SCF-Scaffald/packages/supabase/functions/trpc/routers/resume.router.ts'
    Imported via "../../_shared/database.types.ts" from file '/Users/clay/Development/SCF-Scaffald/packages/supabase/functions/trpc/routers/work-logs.router.ts'
    Imported via './database.types.ts' from file '/Users/clay/Development/SCF-Scaffald/packages/supabase/functions/_shared/work-log-export.ts'
../../packages/supabase/functions/trpc/middleware.ts(3,30): error TS6307: File '/Users/clay/Development/SCF-Scaffald/packages/supabase/functions/trpc/context.ts' is not listed within the file list of project '/Users/clay/Development/SCF-Scaffald/apps/expo/tsconfig.json'. Projects must list all files or use an 'include' pattern.
  The file is in the program because:
    Imported via './context.ts' from file '/Users/clay/Development/SCF-Scaffald/packages/supabase/functions/trpc/middleware.ts'
    Imported via './context.ts' from file '/Users/clay/Development/SCF-Scaffald/packages/supabase/functions/trpc/middleware.ts'
    Imported via '../context.ts' from file '/Users/clay/Development/SCF-Scaffald/packages/supabase/functions/trpc/routers/account-deletion.router.ts'
    Imported via '../context.ts' from file '/Users/clay/Development/SCF-Scaffald/packages/supabase/functions/trpc/routers/auth.router.ts'
    Imported via '../context.ts' from file '/Users/clay/Development/SCF-Scaffald/packages/supabase/functions/trpc/routers/background-checks.router.ts'
    Imported via '../context.ts' from file '/Users/clay/Development/SCF-Scaffald/packages/supabase/functions/trpc/routers/connections.router.ts'
    Imported via '../context.ts' from file '/Users/clay/Development/SCF-Scaffald/packages/supabase/functions/trpc/routers/feedback.router.ts'
    Imported via '../context.ts' from file '/Users/clay/Development/SCF-Scaffald/packages/supabase/functions/trpc/routers/follows.router.ts'
    Imported via '../context.ts' from file '/Users/clay/Development/SCF-Scaffald/packages/supabase/functions/trpc/routers/id-verification.router.ts'
    Imported via '../context.ts' from file '/Users/clay/Development/SCF-Scaffald/packages/supabase/functions/trpc/routers/legal-agreements.router.ts'
    Imported via "../context.ts" from file '/Users/clay/Development/SCF-Scaffald/packages/supabase/functions/trpc/routers/teams.router.ts'
    Imported via "../context.ts" from file '/Users/clay/Development/SCF-Scaffald/packages/supabase/functions/trpc/routers/teams.router.ts'
    Imported via "../context.ts" from file '/Users/clay/Development/SCF-Scaffald/packages/supabase/functions/trpc/routers/organizations.router.ts'
    Imported via '../context.ts' from file '/Users/clay/Development/SCF-Scaffald/packages/supabase/functions/trpc/routers/payments.router.ts'
    Imported via '../context.ts' from file '/Users/clay/Development/SCF-Scaffald/packages/supabase/functions/trpc/routers/profileViews.router.ts'
    Imported via '../../context.ts' from file '/Users/clay/Development/SCF-Scaffald/packages/supabase/functions/trpc/routers/profile/completion.router.ts'
    Imported via "../../context.ts" from file '/Users/clay/Development/SCF-Scaffald/packages/supabase/functions/trpc/routers/profile/import.router.ts'
    Imported via '../../context.ts' from file '/Users/clay/Development/SCF-Scaffald/packages/supabase/functions/trpc/routers/profile/skills.router.ts'
    Imported via "../../context.ts" from file '/Users/clay/Development/SCF-Scaffald/packages/supabase/functions/trpc/routers/profile/skills-multi-taxonomy.router.ts'
    Imported via '../../context.ts' from file '/Users/clay/Development/SCF-Scaffald/packages/supabase/functions/trpc/routers/profile/profileWizard.router.ts'
    Imported via '../context.ts' from file '/Users/clay/Development/SCF-Scaffald/packages/supabase/functions/trpc/routers/projects.router.ts'
    Imported via "../context.ts" from file '/Users/clay/Development/SCF-Scaffald/packages/supabase/functions/trpc/routers/resume.router.ts'
    Imported via '../context.ts' from file '/Users/clay/Development/SCF-Scaffald/packages/supabase/functions/trpc/routers/stripe-settings.router.ts'
    Imported via '../context.ts' from file '/Users/clay/Development/SCF-Scaffald/packages/supabase/functions/trpc/routers/success-fees.router.ts'
    Imported via '../context.ts' from file '/Users/clay/Development/SCF-Scaffald/packages/supabase/functions/trpc/routers/user-profile.router.ts'
../../packages/supabase/functions/trpc/middleware.ts(122,11): error TS2339: Property 'createClient' does not exist on type '{ default: typeof import("@supabase/supabase-js"); }'.
../../packages/supabase/functions/trpc/routers/account-deletion.router.ts(33,7): error TS2322: Type '"2024-06-20"' is not assignable to type '"2025-11-17.clover"'.
../../packages/supabase/functions/trpc/routers/account-deletion.router.ts(52,5): error TS2322: Type '"2024-06-20"' is not assignable to type '"2025-11-17.clover"'.
../../packages/supabase/functions/trpc/routers/account-deletion.router.ts(162,19): error TS2339: Property 'caller' does not exist on type '{ user: { id: string; email: string | undefined; }; userToken: string | undefined; supabase: any; supabaseAdmin: any; }'.
../../packages/supabase/functions/trpc/routers/account-deletion.router.ts(223,19): error TS2339: Property 'caller' does not exist on type '{ user: { id: string; email: string | undefined; }; userToken: string | undefined; supabase: any; supabaseAdmin: any; }'.
../../packages/supabase/functions/trpc/routers/applications.router.ts(3,34): error TS6307: File '/Users/clay/Development/SCF-Scaffald/packages/supabase/functions/_shared/analytics.ts' is not listed within the file list of project '/Users/clay/Development/SCF-Scaffald/apps/expo/tsconfig.json'. Projects must list all files or use an 'include' pattern.
../../packages/supabase/functions/trpc/routers/applications.router.ts(11,8): error TS6307: File '/Users/clay/Development/SCF-Scaffald/packages/supabase/functions/_shared/application-schemas.ts' is not listed within the file list of project '/Users/clay/Development/SCF-Scaffald/apps/expo/tsconfig.json'. Projects must list all files or use an 'include' pattern.
  The file is in the program because:
    Imported via '../../_shared/application-schemas.ts' from file '/Users/clay/Development/SCF-Scaffald/packages/supabase/functions/trpc/routers/applications.router.ts'
    Imported via '../../_shared/application-schemas.ts' from file '/Users/clay/Development/SCF-Scaffald/packages/supabase/functions/trpc/routers/jobs.router.ts'
../../packages/supabase/functions/trpc/routers/applications.router.ts(12,45): error TS6307: File '/Users/clay/Development/SCF-Scaffald/packages/supabase/functions/_shared/utils/application-assignment.ts' is not listed within the file list of project '/Users/clay/Development/SCF-Scaffald/apps/expo/tsconfig.json'. Projects must list all files or use an 'include' pattern.
  The file is in the program because:
    Imported via '../../_shared/utils/application-assignment.ts' from file '/Users/clay/Development/SCF-Scaffald/packages/supabase/functions/trpc/routers/applications.router.ts'
    Imported via "../../_shared/utils/application-assignment.ts" from file '/Users/clay/Development/SCF-Scaffald/packages/supabase/functions/trpc/routers/teams.router.ts'
../../packages/supabase/functions/trpc/routers/auth.router.ts(3,10): error TS2305: Module '"@supabase/supabase-js"' has no exported member 'createClient'.
../../packages/supabase/functions/trpc/routers/background-checks.router.ts(8,8): error TS6307: File '/Users/clay/Development/SCF-Scaffald/packages/supabase/functions/_shared/background-check-notifications.ts' is not listed within the file list of project '/Users/clay/Development/SCF-Scaffald/apps/expo/tsconfig.json'. Projects must list all files or use an 'include' pattern.
../../packages/supabase/functions/trpc/routers/background-checks.router.ts(27,8): error TS6307: File '/Users/clay/Development/SCF-Scaffald/packages/supabase/functions/_shared/background-check-status.ts' is not listed within the file list of project '/Users/clay/Development/SCF-Scaffald/apps/expo/tsconfig.json'. Projects must list all files or use an 'include' pattern.
../../packages/supabase/functions/trpc/routers/background-checks.router.ts(32,8): error TS6307: File '/Users/clay/Development/SCF-Scaffald/packages/supabase/functions/_shared/nationsearch/client.ts' is not listed within the file list of project '/Users/clay/Development/SCF-Scaffald/apps/expo/tsconfig.json'. Projects must list all files or use an 'include' pattern.
../../packages/supabase/functions/trpc/routers/background-checks.router.ts(400,5): error TS2322: Type '"2024-06-20"' is not assignable to type '"2025-11-17.clover"'.
../../packages/supabase/functions/trpc/routers/background-checks.router.ts(1581,10): error TS2339: Property 'map' does not exist on type '{}'.
../../packages/supabase/functions/trpc/routers/background-checks.router.ts(1879,31): error TS2339: Property 'worker_user_id' does not exist on type '{ package_id: string; paid_by: "platform" | "worker" | "organization"; cost_cents: number; metadata?: Record<string, unknown> | undefined; custom_configuration?: Record<string, unknown> | undefined; consent?: { ...; } | undefined; check_type_overrides?: string[] | undefined; organization_id?: string | undefined; job...'.
../../packages/supabase/functions/trpc/routers/background-checks.router.ts(3025,47): error TS2345: Argument of type '{ supabase: any; workerId: string; invitedById: string; checkId: any; packageName: any; actorId: string; }' is not assignable to parameter of type 'InvitationNotificationPayload'.
  Property 'status' is missing in type '{ supabase: any; workerId: string; invitedById: string; checkId: any; packageName: any; actorId: string; }' but required in type 'InvitationNotificationPayload'.
../../packages/supabase/functions/trpc/routers/cms.router.ts(9,8): error TS6307: File '/Users/clay/Development/SCF-Scaffald/packages/supabase/functions/_shared/cms-schemas.ts' is not listed within the file list of project '/Users/clay/Development/SCF-Scaffald/apps/expo/tsconfig.json'. Projects must list all files or use an 'include' pattern.
../../packages/supabase/functions/trpc/routers/feedback.router.ts(11,8): error TS6307: File '/Users/clay/Development/SCF-Scaffald/packages/supabase/functions/_shared/feedback-schemas.ts' is not listed within the file list of project '/Users/clay/Development/SCF-Scaffald/apps/expo/tsconfig.json'. Projects must list all files or use an 'include' pattern.
../../packages/supabase/functions/trpc/routers/id-verification.router.ts(5,31): error TS6307: File '/Users/clay/Development/SCF-Scaffald/packages/supabase/functions/_shared/id-verification-utils.ts' is not listed within the file list of project '/Users/clay/Development/SCF-Scaffald/apps/expo/tsconfig.json'. Projects must list all files or use an 'include' pattern.
../../packages/supabase/functions/trpc/routers/id-verification.router.ts(167,5): error TS2322: Type '"2024-06-20"' is not assignable to type '"2025-11-17.clover"'.
../../packages/supabase/functions/trpc/routers/inquiries.router.ts(15,8): error TS6307: File '/Users/clay/Development/SCF-Scaffald/packages/supabase/functions/_shared/inquiry-schemas.ts' is not listed within the file list of project '/Users/clay/Development/SCF-Scaffald/apps/expo/tsconfig.json'. Projects must list all files or use an 'include' pattern.
../../packages/supabase/functions/trpc/routers/inquiries.router.ts(567,3): error TS2322: Type 'string | number | boolean | ("monday" | "tuesday" | "wednesday" | "thursday" | "friday" | "saturday" | "sunday")[]' is not assignable to type 'undefined'.
  Type 'string' is not assignable to type 'undefined'.
../../packages/supabase/functions/trpc/routers/inquiries.router.ts(1110,15): error TS2339: Property 'createClient' does not exist on type '{ default: typeof import("@supabase/supabase-js"); }'.
../../packages/supabase/functions/trpc/routers/jobs.router.ts(2,15): error TS2305: Module '"@supabase/supabase-js"' has no exported member 'SupabaseClient'.
../../packages/supabase/functions/trpc/routers/jobs.router.ts(8,47): error TS6307: File '/Users/clay/Development/SCF-Scaffald/packages/supabase/functions/_shared/profile-schemas.ts' is not listed within the file list of project '/Users/clay/Development/SCF-Scaffald/apps/expo/tsconfig.json'. Projects must list all files or use an 'include' pattern.
  The file is in the program because:
    Imported via '../../_shared/profile-schemas.ts' from file '/Users/clay/Development/SCF-Scaffald/packages/supabase/functions/trpc/routers/jobs.router.ts'
    Imported via '../../_shared/profile-schemas.ts' from file '/Users/clay/Development/SCF-Scaffald/packages/supabase/functions/trpc/routers/office.router.ts'
    Imported via '../../../_shared/profile-schemas.ts' from file '/Users/clay/Development/SCF-Scaffald/packages/supabase/functions/trpc/routers/profile/skills.router.ts'
../../packages/supabase/functions/trpc/routers/jobs.router.ts(9,55): error TS6307: File '/Users/clay/Development/SCF-Scaffald/packages/supabase/functions/_shared/skill-helpers.ts' is not listed within the file list of project '/Users/clay/Development/SCF-Scaffald/apps/expo/tsconfig.json'. Projects must list all files or use an 'include' pattern.
  The file is in the program because:
    Imported via '../../_shared/skill-helpers.ts' from file '/Users/clay/Development/SCF-Scaffald/packages/supabase/functions/trpc/routers/jobs.router.ts'
    Imported via '../../_shared/skill-helpers.ts' from file '/Users/clay/Development/SCF-Scaffald/packages/supabase/functions/trpc/routers/office.router.ts'
../../packages/supabase/functions/trpc/routers/jobs.router.ts(451,36): error TS2345: Argument of type '{}' is not assignable to parameter of type 'unknown[]'.
  Type '{}' is missing the following properties from type 'unknown[]': length, pop, push, concat, and 35 more.
../../packages/supabase/functions/trpc/routers/map.router.ts(155,43): error TS2339: Property 'filter' does not exist on type '{}'.
../../packages/supabase/functions/trpc/routers/office.router.ts(3,50): error TS6307: File '/Users/clay/Development/SCF-Scaffald/packages/supabase/functions/_shared/job-schemas.ts' is not listed within the file list of project '/Users/clay/Development/SCF-Scaffald/apps/expo/tsconfig.json'. Projects must list all files or use an 'include' pattern.
../../packages/supabase/functions/trpc/routers/office.router.ts(7,38): error TS6307: File '/Users/clay/Development/SCF-Scaffald/packages/supabase/functions/trpc/routers/office/profiles.router.ts' is not listed within the file list of project '/Users/clay/Development/SCF-Scaffald/apps/expo/tsconfig.json'. Projects must list all files or use an 'include' pattern.
../../packages/supabase/functions/trpc/routers/office.router.ts(8,37): error TS6307: File '/Users/clay/Development/SCF-Scaffald/packages/supabase/functions/trpc/routers/office/storage.router.ts' is not listed within the file list of project '/Users/clay/Development/SCF-Scaffald/apps/expo/tsconfig.json'. Projects must list all files or use an 'include' pattern.
../../packages/supabase/functions/trpc/routers/office.router.ts(9,42): error TS6307: File '/Users/clay/Development/SCF-Scaffald/packages/supabase/functions/trpc/routers/office/universities.router.ts' is not listed within the file list of project '/Users/clay/Development/SCF-Scaffald/apps/expo/tsconfig.json'. Projects must list all files or use an 'include' pattern.
../../packages/supabase/functions/trpc/routers/office.router.ts(10,35): error TS6307: File '/Users/clay/Development/SCF-Scaffald/packages/supabase/functions/trpc/routers/teams.router.ts' is not listed within the file list of project '/Users/clay/Development/SCF-Scaffald/apps/expo/tsconfig.json'. Projects must list all files or use an 'include' pattern.
  The file is in the program because:
    Imported via './teams.router.ts' from file '/Users/clay/Development/SCF-Scaffald/packages/supabase/functions/trpc/routers/office.router.ts'
    Imported via './teams.router.ts' from file '/Users/clay/Development/SCF-Scaffald/packages/supabase/functions/trpc/routers/_app-impl.ts'
../../packages/supabase/functions/trpc/routers/office.router.ts(172,30): error TS2339: Property 'first_name' does not exist on type '{}'.
../../packages/supabase/functions/trpc/routers/office.router.ts(173,29): error TS2339: Property 'last_name' does not exist on type '{}'.
../../packages/supabase/functions/trpc/routers/office.router.ts(175,26): error TS2339: Property 'created_at' does not exist on type '{ id: string; username?: string | null | undefined; display_name?: string | null | undefined; avatar_path?: string | null | undefined; }'.
../../packages/supabase/functions/trpc/routers/office.router.ts(176,26): error TS2339: Property 'updated_at' does not exist on type '{ id: string; username?: string | null | undefined; display_name?: string | null | undefined; avatar_path?: string | null | undefined; }'.
../../packages/supabase/functions/trpc/routers/office.router.ts(651,38): error TS2345: Argument of type '{}' is not assignable to parameter of type 'unknown[]'.
  Type '{}' is missing the following properties from type 'unknown[]': length, pop, push, concat, and 35 more.
../../packages/supabase/functions/trpc/routers/office.router.ts(740,7): error TS2322: Type 'null' is not assignable to type 'string | undefined'.
../../packages/supabase/functions/trpc/routers/office.router.ts(806,7): error TS2322: Type 'null' is not assignable to type 'string | undefined'.
../../packages/supabase/functions/trpc/routers/office.router.ts(982,7): error TS2322: Type 'null' is not assignable to type 'string | undefined'.
../../packages/supabase/functions/trpc/routers/payments.router.ts(5,31): error TS6307: File '/Users/clay/Development/SCF-Scaffald/packages/supabase/functions/trpc/_shared/database.types.ts' is not listed within the file list of project '/Users/clay/Development/SCF-Scaffald/apps/expo/tsconfig.json'. Projects must list all files or use an 'include' pattern.
  The file is in the program because:
    Imported via '../_shared/database.types.ts' from file '/Users/clay/Development/SCF-Scaffald/packages/supabase/functions/trpc/routers/payments.router.ts'
    Imported via '../../_shared/database.types.ts' from file '/Users/clay/Development/SCF-Scaffald/packages/supabase/functions/trpc/routers/utils/skill-enrichment.ts'
../../packages/supabase/functions/trpc/routers/payments.router.ts(205,5): error TS2322: Type '"2024-06-20"' is not assignable to type '"2025-11-17.clover"'.
../../packages/supabase/functions/trpc/routers/payments.router.ts(441,24): error TS2339: Property 'created_at' does not exist on type '{ id: string; service_type: string; tier: string; name: string; description: string | null; price_cents: number; is_active: boolean; display_order: number; metadata: Record<string, unknown> | null; }'.
../../packages/supabase/functions/trpc/routers/payments.router.ts(442,24): error TS2339: Property 'updated_at' does not exist on type '{ id: string; service_type: string; tier: string; name: string; description: string | null; price_cents: number; is_active: boolean; display_order: number; metadata: Record<string, unknown> | null; }'.
../../packages/supabase/functions/trpc/routers/payments.router.ts(1411,37): error TS2339: Property 'caller' does not exist on type '{ user: { id: string; email: string | undefined; } | undefined; userToken: string | undefined; supabase: any; supabaseAdmin: any; }'.
../../packages/supabase/functions/trpc/routers/payments.router.ts(1713,33): error TS2339: Property 'caller' does not exist on type '{ user: { id: string; email: string | undefined; }; userToken: string | undefined; supabase: any; supabaseAdmin: any; }'.
../../packages/supabase/functions/trpc/routers/personality-assessment.router.ts(3,32): error TS6307: File '/Users/clay/Development/SCF-Scaffald/packages/supabase/functions/_shared/ipip-archetype-mapper.ts' is not listed within the file list of project '/Users/clay/Development/SCF-Scaffald/apps/expo/tsconfig.json'. Projects must list all files or use an 'include' pattern.
../../packages/supabase/functions/trpc/routers/personality-assessment.router.ts(4,26): error TS6307: File '/Users/clay/Development/SCF-Scaffald/packages/supabase/functions/_shared/ipip-score.ts' is not listed within the file list of project '/Users/clay/Development/SCF-Scaffald/apps/expo/tsconfig.json'. Projects must list all files or use an 'include' pattern.
../../packages/supabase/functions/trpc/routers/personality-assessment.router.ts(244,22): error TS2339: Property 'next_available_at' does not exist on type '{ ipip_answers: { id: string; score: number; domain: "O" | "A" | "E" | "N" | "C"; facet: number; }[]; ipip_current_index: number; ipip_language: string; completion_score: number; last_updated_at: string; updated_at: string; ipip_completed_at?: string | undefined; current_step?: string | undefined; }'.
../../packages/supabase/functions/trpc/routers/profile/certifications.router.ts(209,25): error TS2339: Property 'depth' does not exist on type '{}'.
../../packages/supabase/functions/trpc/routers/profile/certifications.router.ts(211,32): error TS2339: Property 'depth' does not exist on type '{}'.
../../packages/supabase/functions/trpc/routers/profile/certifications.router.ts(212,40): error TS2339: Property 'parent_id' does not exist on type '{}'.
../../packages/supabase/functions/trpc/routers/profile/certifications.router.ts(217,32): error TS2339: Property 'depth' does not exist on type '{}'.
../../packages/supabase/functions/trpc/routers/profile/certifications.router.ts(218,40): error TS2339: Property 'parent_id' does not exist on type '{}'.
../../packages/supabase/functions/trpc/routers/profile/completion.router.ts(17,25): error TS2352: Conversion of type 'Error' to type 'Record<string, unknown>' may be a mistake because neither type sufficiently overlaps with the other. If this was intentional, convert the expression to 'unknown' first.
  Index signature for type 'string' is missing in type 'Error'.
../../packages/supabase/functions/trpc/routers/profile/education.router.ts(258,56): error TS2339: Property 'trim' does not exist on type 'never'.
../../packages/supabase/functions/trpc/routers/profile/education.router.ts(364,82): error TS2345: Argument of type 'unknown' is not assignable to parameter of type 'string'.
../../packages/supabase/functions/trpc/routers/profile/experience.router.ts(74,5): error TS2322: Type 'ZodObject<{ street: ZodOptional<ZodString>; city: ZodOptional<ZodString>; state: ZodOptional<ZodString>; zip: ZodOptional<...>; country: ZodOptional<...>; latitude: ZodOptional<...>; longitude: ZodOptional<...>; }, "strip", ZodTypeAny, { ...; }, { ...; }>' is not assignable to type 'ZodTypeAny'.
  Types of property '_parse' are incompatible.
    Type '(input: ParseInput) => ParseReturnType<{ street?: string | undefined; city?: string | undefined; state?: string | undefined; zip?: string | undefined; country?: string | undefined; latitude?: number | undefined; longitude?: number | undefined; }>' is not assignable to type '(input: ParseInput) => ParseReturnType<any>'.
      Types of parameters 'input' and 'input' are incompatible.
        Type 'Zod.ParseInput' is not assignable to type 'import("/Users/clay/Development/SCF-Scaffald/node_modules/zod/lib/helpers/parseUtil").ParseInput'.
          The types of 'parent.common.issues' are incompatible between these types.
            Type 'Zod.ZodIssue[]' is not assignable to type 'import("/Users/clay/Development/SCF-Scaffald/node_modules/zod/lib/ZodError").ZodIssue[]'.
              Type 'Zod.ZodIssue' is not assignable to type 'import("/Users/clay/Development/SCF-Scaffald/node_modules/zod/lib/ZodError").ZodIssue'.
                Type 'ZodInvalidUnionIssue & { fatal?: boolean | undefined; message: string; }' is not assignable to type 'ZodIssue'.
                  Type 'Zod.ZodInvalidUnionIssue & { fatal?: boolean | undefined; message: string; }' is not assignable to type 'import("/Users/clay/Development/SCF-Scaffald/node_modules/zod/lib/ZodError").ZodInvalidUnionIssue & { fatal?: boolean | undefined; message: string; }'.
                    Type 'ZodInvalidUnionIssue & { fatal?: boolean | undefined; message: string; }' is not assignable to type 'ZodInvalidUnionIssue'.
                      Types of property 'unionErrors' are incompatible.
                        Type 'Zod.ZodError<any>[]' is not assignable to type 'import("/Users/clay/Development/SCF-Scaffald/node_modules/zod/lib/ZodError").ZodError<any>[]'.
                          Type 'Zod.ZodError<any>' is not assignable to type 'import("/Users/clay/Development/SCF-Scaffald/node_modules/zod/lib/ZodError").ZodError<any>'.
                            Types of property 'issues' are incompatible.
                              Type 'Zod.ZodIssue[]' is not assignable to type 'import("/Users/clay/Development/SCF-Scaffald/node_modules/zod/lib/ZodError").ZodIssue[]'.
                                Type 'Zod.ZodIssue' is not assignable to type 'import("/Users/clay/Development/SCF-Scaffald/node_modules/zod/lib/ZodError").ZodIssue'.
                                  Type 'ZodInvalidUnionIssue & { fatal?: boolean | undefined; message: string; }' is not assignable to type 'ZodIssue'.
../../packages/supabase/functions/trpc/routers/profile/general.router.ts(178,11): error TS2322: Type 'null' is not assignable to type 'string | undefined'.
../../packages/supabase/functions/trpc/routers/profile/import.router.ts(97,29): error TS2339: Property 'default' does not exist on type 'typeof import("jszip")'.
../../packages/supabase/functions/trpc/routers/profile/import.router.ts(117,21): error TS2344: Type 'ZodEnum<["application/pdf", "application/vnd.openxmlformats-officedocument.wordprocessingml.document"]>' does not satisfy the constraint 'ZodType<any, any, any>'.
  Types of property '_parse' are incompatible.
    Type '(input: ParseInput) => ParseReturnType<"application/pdf" | "application/vnd.openxmlformats-officedocument.wordprocessingml.document">' is not assignable to type '(input: ParseInput) => ParseReturnType<any>'.
      Types of parameters 'input' and 'input' are incompatible.
        Type 'Zod.ParseInput' is not assignable to type 'import("/Users/clay/Development/SCF-Scaffald/node_modules/zod/lib/helpers/parseUtil").ParseInput'.
          The types of 'parent.common.issues' are incompatible between these types.
            Type 'Zod.ZodIssue[]' is not assignable to type 'import("/Users/clay/Development/SCF-Scaffald/node_modules/zod/lib/ZodError").ZodIssue[]'.
              Type 'Zod.ZodIssue' is not assignable to type 'import("/Users/clay/Development/SCF-Scaffald/node_modules/zod/lib/ZodError").ZodIssue'.
                Type 'ZodInvalidUnionIssue & { fatal?: boolean | undefined; message: string; }' is not assignable to type 'ZodIssue'.
                  Type 'Zod.ZodInvalidUnionIssue & { fatal?: boolean | undefined; message: string; }' is not assignable to type 'import("/Users/clay/Development/SCF-Scaffald/node_modules/zod/lib/ZodError").ZodInvalidUnionIssue & { fatal?: boolean | undefined; message: string; }'.
                    Type 'ZodInvalidUnionIssue & { fatal?: boolean | undefined; message: string; }' is not assignable to type 'ZodInvalidUnionIssue'.
                      Types of property 'unionErrors' are incompatible.
                        Type 'Zod.ZodError<any>[]' is not assignable to type 'import("/Users/clay/Development/SCF-Scaffald/node_modules/zod/lib/ZodError").ZodError<any>[]'.
                          Type 'Zod.ZodError<any>' is not assignable to type 'import("/Users/clay/Development/SCF-Scaffald/node_modules/zod/lib/ZodError").ZodError<any>'.
                            Types of property 'issues' are incompatible.
                              Type 'Zod.ZodIssue[]' is not assignable to type 'import("/Users/clay/Development/SCF-Scaffald/node_modules/zod/lib/ZodError").ZodIssue[]'.
                                Type 'Zod.ZodIssue' is not assignable to type 'import("/Users/clay/Development/SCF-Scaffald/node_modules/zod/lib/ZodError").ZodIssue'.
                                  Type 'ZodInvalidUnionIssue & { fatal?: boolean | undefined; message: string; }' is not assignable to type 'ZodIssue'.
../../packages/supabase/functions/trpc/routers/profile/import.router.ts(345,35): error TS2339: Property 'default' does not exist on type 'typeof import("openai")'.
../../packages/supabase/functions/trpc/routers/profile/skills-multi-taxonomy.router.ts(1,10): error TS2305: Module '"@supabase/supabase-js"' has no exported member 'createClient'.
../../packages/supabase/functions/trpc/routers/profile/skills-multi-taxonomy.router.ts(145,48): error TS7006: Parameter 'skill' implicitly has an 'any' type.
../../packages/supabase/functions/trpc/routers/profile/skills.router.ts(1,10): error TS2305: Module '"@supabase/supabase-js"' has no exported member 'createClient'.
../../packages/supabase/functions/trpc/routers/profile/widgets.router.ts(4,34): error TS6307: File '/Users/clay/Development/SCF-Scaffald/packages/supabase/functions/trpc/routers/utils/skill-enrichment.ts' is not listed within the file list of project '/Users/clay/Development/SCF-Scaffald/apps/expo/tsconfig.json'. Projects must list all files or use an 'include' pattern.
  The file is in the program because:
    Imported via '../utils/skill-enrichment.ts' from file '/Users/clay/Development/SCF-Scaffald/packages/supabase/functions/trpc/routers/profile/widgets.router.ts'
    Imported via './utils/skill-enrichment.ts' from file '/Users/clay/Development/SCF-Scaffald/packages/supabase/functions/trpc/routers/user-profile.router.ts'
    Imported via "./utils/skill-enrichment.ts" from file '/Users/clay/Development/SCF-Scaffald/packages/supabase/functions/trpc/routers/work-logs.router.ts'
../../packages/supabase/functions/trpc/routers/resume.router.ts(2,10): error TS2305: Module '"@supabase/supabase-js"' has no exported member 'createClient'.
../../packages/supabase/functions/trpc/routers/resume.router.ts(2,29): error TS2305: Module '"@supabase/supabase-js"' has no exported member 'SupabaseClient'.
../../packages/supabase/functions/trpc/routers/resume.router.ts(60,54): error TS2769: No overload matches this call.
  Overload 1 of 2, '(def: ("certifications" | "education" | "employment" | "experience" | "general" | "skills")[]): ZodDefault<ZodArray<ZodEnum<["general", "experience", "education", "skills", "certifications", "employment"]>, "many">>', gave the following error.
    Argument of type 'readonly ["general", "experience", "education", "skills", "certifications", "employment"]' is not assignable to parameter of type '("certifications" | "education" | "employment" | "experience" | "general" | "skills")[]'.
      The type 'readonly ["general", "experience", "education", "skills", "certifications", "employment"]' is 'readonly' and cannot be assigned to the mutable type '("certifications" | "education" | "employment" | "experience" | "general" | "skills")[]'.
  Overload 2 of 2, '(def: () => ("certifications" | "education" | "employment" | "experience" | "general" | "skills")[]): ZodDefault<ZodArray<ZodEnum<["general", "experience", "education", "skills", "certifications", "employment"]>, "many">>', gave the following error.
    Argument of type 'readonly ["general", "experience", "education", "skills", "certifications", "employment"]' is not assignable to parameter of type '() => ("certifications" | "education" | "employment" | "experience" | "general" | "skills")[]'.
      Type 'readonly ["general", "experience", "education", "skills", "certifications", "employment"]' provides no match for the signature '(): ("certifications" | "education" | "employment" | "experience" | "general" | "skills")[]'.
../../packages/supabase/functions/trpc/routers/resume.router.ts(394,34): error TS2339: Property 'extractRawText' does not exist on type 'typeof import("mammoth")'.
../../packages/supabase/functions/trpc/routers/resume.router.ts(819,17): error TS2344: Type 'ZodObject<{ first_name: ZodString; last_name: ZodString; avatar_path: ZodOptional<ZodUnion<[ZodString, ZodString, ZodLiteral<"">]>>; email: ZodOptional<...>; phone: ZodEffects<...>; about: ZodNullable<...>; address: ZodOptional<...>; }, "strip", ZodTypeAny, { ...; }, { ...; }>' does not satisfy the constraint 'ZodType<any, any, any>'.
  Types of property '_parse' are incompatible.
    Type '(input: ParseInput) => ParseReturnType<{ first_name: string; last_name: string; email?: string | undefined; avatar_path?: string | undefined; phone?: string | undefined; about?: string | objectOutputType<...> | null | undefined; address?: { ...; } | ... 1 more ... | undefined; }>' is not assignable to type '(input: ParseInput) => ParseReturnType<any>'.
      Types of parameters 'input' and 'input' are incompatible.
        Type 'Zod.ParseInput' is not assignable to type 'import("/Users/clay/Development/SCF-Scaffald/node_modules/zod/lib/helpers/parseUtil").ParseInput'.
          The types of 'parent.common.issues' are incompatible between these types.
            Type 'Zod.ZodIssue[]' is not assignable to type 'import("/Users/clay/Development/SCF-Scaffald/node_modules/zod/lib/ZodError").ZodIssue[]'.
              Type 'Zod.ZodIssue' is not assignable to type 'import("/Users/clay/Development/SCF-Scaffald/node_modules/zod/lib/ZodError").ZodIssue'.
                Type 'ZodInvalidUnionIssue & { fatal?: boolean | undefined; message: string; }' is not assignable to type 'ZodIssue'.
                  Type 'Zod.ZodInvalidUnionIssue & { fatal?: boolean | undefined; message: string; }' is not assignable to type 'import("/Users/clay/Development/SCF-Scaffald/node_modules/zod/lib/ZodError").ZodInvalidUnionIssue & { fatal?: boolean | undefined; message: string; }'.
                    Type 'ZodInvalidUnionIssue & { fatal?: boolean | undefined; message: string; }' is not assignable to type 'ZodInvalidUnionIssue'.
                      Types of property 'unionErrors' are incompatible.
                        Type 'Zod.ZodError<any>[]' is not assignable to type 'import("/Users/clay/Development/SCF-Scaffald/node_modules/zod/lib/ZodError").ZodError<any>[]'.
                          Type 'Zod.ZodError<any>' is not assignable to type 'import("/Users/clay/Development/SCF-Scaffald/node_modules/zod/lib/ZodError").ZodError<any>'.
                            Types of property 'issues' are incompatible.
                              Type 'Zod.ZodIssue[]' is not assignable to type 'import("/Users/clay/Development/SCF-Scaffald/node_modules/zod/lib/ZodError").ZodIssue[]'.
                                Type 'Zod.ZodIssue' is not assignable to type 'import("/Users/clay/Development/SCF-Scaffald/node_modules/zod/lib/ZodError").ZodIssue'.
                                  Type 'ZodInvalidUnionIssue & { fatal?: boolean | undefined; message: string; }' is not assignable to type 'ZodIssue'.
../../packages/supabase/functions/trpc/routers/resume.router.ts(900,17): error TS2344: Type 'ZodEffects<ZodObject<{ preferred_work_locations: ZodOptional<ZodOptional<ZodArray<ZodString, "many">>>; open_to_travel: ZodOptional<ZodOptional<ZodBoolean>>; ... 7 more ...; hourly_rate: ZodOptional<...>; }, "strip", ZodTypeAny, { ...; }, { ...; }>, { ...; }, { ...; }>' does not satisfy the constraint 'ZodType<any, any, any>'.
  Types of property '_parse' are incompatible.
    Type '(input: ParseInput) => ParseReturnType<{ preferred_work_locations?: string[] | undefined; open_to_travel?: boolean | undefined; travel_distance_miles?: number | undefined; us_resident?: boolean | undefined; ... 5 more ...; hourly_rate?: number | undefined; }>' is not assignable to type '(input: ParseInput) => ParseReturnType<any>'.
      Types of parameters 'input' and 'input' are incompatible.
        Type 'Zod.ParseInput' is not assignable to type 'import("/Users/clay/Development/SCF-Scaffald/node_modules/zod/lib/helpers/parseUtil").ParseInput'.
          The types of 'parent.common.issues' are incompatible between these types.
            Type 'Zod.ZodIssue[]' is not assignable to type 'import("/Users/clay/Development/SCF-Scaffald/node_modules/zod/lib/ZodError").ZodIssue[]'.
              Type 'Zod.ZodIssue' is not assignable to type 'import("/Users/clay/Development/SCF-Scaffald/node_modules/zod/lib/ZodError").ZodIssue'.
                Type 'ZodInvalidUnionIssue & { fatal?: boolean | undefined; message: string; }' is not assignable to type 'ZodIssue'.
                  Type 'Zod.ZodInvalidUnionIssue & { fatal?: boolean | undefined; message: string; }' is not assignable to type 'import("/Users/clay/Development/SCF-Scaffald/node_modules/zod/lib/ZodError").ZodInvalidUnionIssue & { fatal?: boolean | undefined; message: string; }'.
                    Type 'ZodInvalidUnionIssue & { fatal?: boolean | undefined; message: string; }' is not assignable to type 'ZodInvalidUnionIssue'.
                      Types of property 'unionErrors' are incompatible.
                        Type 'Zod.ZodError<any>[]' is not assignable to type 'import("/Users/clay/Development/SCF-Scaffald/node_modules/zod/lib/ZodError").ZodError<any>[]'.
                          Type 'Zod.ZodError<any>' is not assignable to type 'import("/Users/clay/Development/SCF-Scaffald/node_modules/zod/lib/ZodError").ZodError<any>'.
                            Types of property 'issues' are incompatible.
                              Type 'Zod.ZodIssue[]' is not assignable to type 'import("/Users/clay/Development/SCF-Scaffald/node_modules/zod/lib/ZodError").ZodIssue[]'.
                                Type 'Zod.ZodIssue' is not assignable to type 'import("/Users/clay/Development/SCF-Scaffald/node_modules/zod/lib/ZodError").ZodIssue'.
                                  Type 'ZodInvalidUnionIssue & { fatal?: boolean | undefined; message: string; }' is not assignable to type 'ZodIssue'.
../../packages/supabase/functions/trpc/routers/resume.router.ts(1509,57): error TS2345: Argument of type '{ email?: string | undefined; first_name?: string | undefined; last_name?: string | undefined; avatar_path?: string | undefined; phone?: string | undefined; about?: string | objectOutputType<{ type: ZodString; content: ZodOptional<...>; }, ZodTypeAny, "passthrough"> | null | undefined; address?: { ...; } | ... 1 mor...' is not assignable to parameter of type '{ first_name: string; last_name: string; email?: string | undefined; avatar_path?: string | undefined; phone?: string | undefined; about?: string | objectOutputType<{ type: ZodString; content: ZodOptional<...>; }, ZodTypeAny, "passthrough"> | null | undefined; address?: { ...; } | ... 1 more ... | undefined; }'.
  Types of property 'first_name' are incompatible.
    Type 'string | undefined' is not assignable to type 'string'.
      Type 'undefined' is not assignable to type 'string'.
../../packages/supabase/functions/trpc/routers/success-fees.router.ts(269,5): error TS2322: Type '"2024-06-20"' is not assignable to type '"2025-11-17.clover"'.
../../packages/supabase/functions/trpc/routers/success-fees.router.ts(638,19): error TS2339: Property 'caller' does not exist on type '{ user: { id: string; email: string | undefined; }; userToken: string | undefined; supabase: any; supabaseAdmin: any; }'.
../../packages/supabase/functions/trpc/routers/teams.router.ts(3,29): error TS6307: File '/Users/clay/Development/SCF-Scaffald/packages/supabase/functions/_shared/app-url.ts' is not listed within the file list of project '/Users/clay/Development/SCF-Scaffald/apps/expo/tsconfig.json'. Projects must list all files or use an 'include' pattern.
../../packages/supabase/functions/trpc/routers/teams.router.ts(11,8): error TS6307: File '/Users/clay/Development/SCF-Scaffald/packages/supabase/functions/_shared/permissions/team-permissions.ts' is not listed within the file list of project '/Users/clay/Development/SCF-Scaffald/apps/expo/tsconfig.json'. Projects must list all files or use an 'include' pattern.
  The file is in the program because:
    Imported via "../../_shared/permissions/team-permissions.ts" from file '/Users/clay/Development/SCF-Scaffald/packages/supabase/functions/trpc/routers/teams.router.ts'
    Imported via '../../_shared/permissions/team-permissions.ts' from file '/Users/clay/Development/SCF-Scaffald/packages/supabase/functions/trpc/routers/office.router.ts'
    Imported via '../../_shared/permissions/team-permissions' from file '/Users/clay/Development/SCF-Scaffald/packages/supabase/functions/trpc/routers/office.router.ts'
    Imported via '../../_shared/permissions/team-permissions' from file '/Users/clay/Development/SCF-Scaffald/packages/supabase/functions/trpc/routers/office.router.ts'
    Imported via '../../_shared/permissions/team-permissions' from file '/Users/clay/Development/SCF-Scaffald/packages/supabase/functions/trpc/routers/office.router.ts'
    Imported via '../../_shared/permissions/team-permissions' from file '/Users/clay/Development/SCF-Scaffald/packages/supabase/functions/trpc/routers/office.router.ts'
    Imported via '../../_shared/permissions/team-permissions' from file '/Users/clay/Development/SCF-Scaffald/packages/supabase/functions/trpc/routers/office.router.ts'
    Imported via '../../_shared/permissions/team-permissions' from file '/Users/clay/Development/SCF-Scaffald/packages/supabase/functions/trpc/routers/office.router.ts'
    Imported via '../../_shared/permissions/team-permissions' from file '/Users/clay/Development/SCF-Scaffald/packages/supabase/functions/trpc/routers/office.router.ts'
    Imported via "../../_shared/permissions/team-permissions.ts" from file '/Users/clay/Development/SCF-Scaffald/packages/supabase/functions/trpc/routers/organizations.router.ts'
../../packages/supabase/functions/trpc/routers/teams.router.ts(12,36): error TS6307: File '/Users/clay/Development/SCF-Scaffald/packages/supabase/functions/_shared/team-audit-log.ts' is not listed within the file list of project '/Users/clay/Development/SCF-Scaffald/apps/expo/tsconfig.json'. Projects must list all files or use an 'include' pattern.
../../packages/supabase/functions/trpc/routers/teams.router.ts(42,8): error TS6307: File '/Users/clay/Development/SCF-Scaffald/packages/supabase/functions/_shared/team-schemas.ts' is not listed within the file list of project '/Users/clay/Development/SCF-Scaffald/apps/expo/tsconfig.json'. Projects must list all files or use an 'include' pattern.
../../packages/supabase/functions/trpc/routers/teams.router.ts(44,44): error TS6307: File '/Users/clay/Development/SCF-Scaffald/packages/supabase/functions/_shared/utils/team-metrics.ts' is not listed within the file list of project '/Users/clay/Development/SCF-Scaffald/apps/expo/tsconfig.json'. Projects must list all files or use an 'include' pattern.
../../packages/supabase/functions/trpc/routers/teams.router.ts(54,3): error TS2322: Type 'ZodString' is not assignable to type 'ZodTypeAny'.
  Types of property '_parse' are incompatible.
    Type '(input: ParseInput) => ParseReturnType<string>' is not assignable to type '(input: ParseInput) => ParseReturnType<any>'.
      Types of parameters 'input' and 'input' are incompatible.
        Type 'Zod.ParseInput' is not assignable to type 'import("/Users/clay/Development/SCF-Scaffald/node_modules/zod/lib/helpers/parseUtil").ParseInput'.
          The types of 'parent.common.issues' are incompatible between these types.
            Type 'Zod.ZodIssue[]' is not assignable to type 'import("/Users/clay/Development/SCF-Scaffald/node_modules/zod/lib/ZodError").ZodIssue[]'.
              Type 'Zod.ZodIssue' is not assignable to type 'import("/Users/clay/Development/SCF-Scaffald/node_modules/zod/lib/ZodError").ZodIssue'.
                Type 'ZodInvalidUnionIssue & { fatal?: boolean | undefined; message: string; }' is not assignable to type 'ZodIssue'.
                  Type 'Zod.ZodInvalidUnionIssue & { fatal?: boolean | undefined; message: string; }' is not assignable to type 'import("/Users/clay/Development/SCF-Scaffald/node_modules/zod/lib/ZodError").ZodInvalidUnionIssue & { fatal?: boolean | undefined; message: string; }'.
                    Type 'ZodInvalidUnionIssue & { fatal?: boolean | undefined; message: string; }' is not assignable to type 'ZodInvalidUnionIssue'.
                      Types of property 'unionErrors' are incompatible.
                        Type 'Zod.ZodError<any>[]' is not assignable to type 'import("/Users/clay/Development/SCF-Scaffald/node_modules/zod/lib/ZodError").ZodError<any>[]'.
                          Type 'Zod.ZodError<any>' is not assignable to type 'import("/Users/clay/Development/SCF-Scaffald/node_modules/zod/lib/ZodError").ZodError<any>'.
                            Types of property 'issues' are incompatible.
                              Type 'Zod.ZodIssue[]' is not assignable to type 'import("/Users/clay/Development/SCF-Scaffald/node_modules/zod/lib/ZodError").ZodIssue[]'.
                                Type 'Zod.ZodIssue' is not assignable to type 'import("/Users/clay/Development/SCF-Scaffald/node_modules/zod/lib/ZodError").ZodIssue'.
                                  Type 'ZodInvalidUnionIssue & { fatal?: boolean | undefined; message: string; }' is not assignable to type 'ZodIssue'.
../../packages/supabase/functions/trpc/routers/teams.router.ts(694,21): error TS2344: Type 'ZodEnum<["admin", "team_admin", "lead", "team_lead", "recruiter", "reviewer", "member"]>' does not satisfy the constraint 'ZodType<any, any, any>'.
  Types of property '_parse' are incompatible.
    Type '(input: ParseInput) => ParseReturnType<"admin" | "team_admin" | "lead" | "team_lead" | "recruiter" | "reviewer" | "member">' is not assignable to type '(input: ParseInput) => ParseReturnType<any>'.
      Types of parameters 'input' and 'input' are incompatible.
        Type 'Zod.ParseInput' is not assignable to type 'import("/Users/clay/Development/SCF-Scaffald/node_modules/zod/lib/helpers/parseUtil").ParseInput'.
          The types of 'parent.common.issues' are incompatible between these types.
            Type 'Zod.ZodIssue[]' is not assignable to type 'import("/Users/clay/Development/SCF-Scaffald/node_modules/zod/lib/ZodError").ZodIssue[]'.
              Type 'Zod.ZodIssue' is not assignable to type 'import("/Users/clay/Development/SCF-Scaffald/node_modules/zod/lib/ZodError").ZodIssue'.
                Type 'ZodInvalidUnionIssue & { fatal?: boolean | undefined; message: string; }' is not assignable to type 'ZodIssue'.
                  Type 'Zod.ZodInvalidUnionIssue & { fatal?: boolean | undefined; message: string; }' is not assignable to type 'import("/Users/clay/Development/SCF-Scaffald/node_modules/zod/lib/ZodError").ZodInvalidUnionIssue & { fatal?: boolean | undefined; message: string; }'.
                    Type 'ZodInvalidUnionIssue & { fatal?: boolean | undefined; message: string; }' is not assignable to type 'ZodInvalidUnionIssue'.
                      Types of property 'unionErrors' are incompatible.
                        Type 'Zod.ZodError<any>[]' is not assignable to type 'import("/Users/clay/Development/SCF-Scaffald/node_modules/zod/lib/ZodError").ZodError<any>[]'.
                          Type 'Zod.ZodError<any>' is not assignable to type 'import("/Users/clay/Development/SCF-Scaffald/node_modules/zod/lib/ZodError").ZodError<any>'.
                            Types of property 'issues' are incompatible.
                              Type 'Zod.ZodIssue[]' is not assignable to type 'import("/Users/clay/Development/SCF-Scaffald/node_modules/zod/lib/ZodError").ZodIssue[]'.
                                Type 'Zod.ZodIssue' is not assignable to type 'import("/Users/clay/Development/SCF-Scaffald/node_modules/zod/lib/ZodError").ZodIssue'.
                                  Type 'ZodInvalidUnionIssue & { fatal?: boolean | undefined; message: string; }' is not assignable to type 'ZodIssue'.
../../packages/supabase/functions/trpc/routers/teams.router.ts(796,13): error TS2322: Type 'ZodOptional<ZodString>' is not assignable to type 'ZodTypeAny'.
  Types of property '_parse' are incompatible.
    Type '(input: ParseInput) => ParseReturnType<string | undefined>' is not assignable to type '(input: ParseInput) => ParseReturnType<any>'.
      Types of parameters 'input' and 'input' are incompatible.
        Type 'Zod.ParseInput' is not assignable to type 'import("/Users/clay/Development/SCF-Scaffald/node_modules/zod/lib/helpers/parseUtil").ParseInput'.
          The types of 'parent.common.issues' are incompatible between these types.
            Type 'Zod.ZodIssue[]' is not assignable to type 'import("/Users/clay/Development/SCF-Scaffald/node_modules/zod/lib/ZodError").ZodIssue[]'.
              Type 'Zod.ZodIssue' is not assignable to type 'import("/Users/clay/Development/SCF-Scaffald/node_modules/zod/lib/ZodError").ZodIssue'.
                Type 'ZodInvalidUnionIssue & { fatal?: boolean | undefined; message: string; }' is not assignable to type 'ZodIssue'.
                  Type 'Zod.ZodInvalidUnionIssue & { fatal?: boolean | undefined; message: string; }' is not assignable to type 'import("/Users/clay/Development/SCF-Scaffald/node_modules/zod/lib/ZodError").ZodInvalidUnionIssue & { fatal?: boolean | undefined; message: string; }'.
                    Type 'ZodInvalidUnionIssue & { fatal?: boolean | undefined; message: string; }' is not assignable to type 'ZodInvalidUnionIssue'.
                      Types of property 'unionErrors' are incompatible.
                        Type 'Zod.ZodError<any>[]' is not assignable to type 'import("/Users/clay/Development/SCF-Scaffald/node_modules/zod/lib/ZodError").ZodError<any>[]'.
                          Type 'Zod.ZodError<any>' is not assignable to type 'import("/Users/clay/Development/SCF-Scaffald/node_modules/zod/lib/ZodError").ZodError<any>'.
                            Types of property 'issues' are incompatible.
                              Type 'Zod.ZodIssue[]' is not assignable to type 'import("/Users/clay/Development/SCF-Scaffald/node_modules/zod/lib/ZodError").ZodIssue[]'.
                                Type 'Zod.ZodIssue' is not assignable to type 'import("/Users/clay/Development/SCF-Scaffald/node_modules/zod/lib/ZodError").ZodIssue'.
                                  Type 'ZodInvalidUnionIssue & { fatal?: boolean | undefined; message: string; }' is not assignable to type 'ZodIssue'.
../../packages/supabase/functions/trpc/routers/teams.router.ts(867,38): error TS2322: Type 'ZodString' is not assignable to type 'ZodTypeAny'.
  Types of property '_parse' are incompatible.
    Type '(input: ParseInput) => ParseReturnType<string>' is not assignable to type '(input: ParseInput) => ParseReturnType<any>'.
      Types of parameters 'input' and 'input' are incompatible.
        Type 'Zod.ParseInput' is not assignable to type 'import("/Users/clay/Development/SCF-Scaffald/node_modules/zod/lib/helpers/parseUtil").ParseInput'.
          The types of 'parent.common.issues' are incompatible between these types.
            Type 'Zod.ZodIssue[]' is not assignable to type 'import("/Users/clay/Development/SCF-Scaffald/node_modules/zod/lib/ZodError").ZodIssue[]'.
              Type 'Zod.ZodIssue' is not assignable to type 'import("/Users/clay/Development/SCF-Scaffald/node_modules/zod/lib/ZodError").ZodIssue'.
                Type 'ZodInvalidUnionIssue & { fatal?: boolean | undefined; message: string; }' is not assignable to type 'ZodIssue'.
                  Type 'Zod.ZodInvalidUnionIssue & { fatal?: boolean | undefined; message: string; }' is not assignable to type 'import("/Users/clay/Development/SCF-Scaffald/node_modules/zod/lib/ZodError").ZodInvalidUnionIssue & { fatal?: boolean | undefined; message: string; }'.
                    Type 'ZodInvalidUnionIssue & { fatal?: boolean | undefined; message: string; }' is not assignable to type 'ZodInvalidUnionIssue'.
                      Types of property 'unionErrors' are incompatible.
                        Type 'Zod.ZodError<any>[]' is not assignable to type 'import("/Users/clay/Development/SCF-Scaffald/node_modules/zod/lib/ZodError").ZodError<any>[]'.
                          Type 'Zod.ZodError<any>' is not assignable to type 'import("/Users/clay/Development/SCF-Scaffald/node_modules/zod/lib/ZodError").ZodError<any>'.
                            Types of property 'issues' are incompatible.
                              Type 'Zod.ZodIssue[]' is not assignable to type 'import("/Users/clay/Development/SCF-Scaffald/node_modules/zod/lib/ZodError").ZodIssue[]'.
                                Type 'Zod.ZodIssue' is not assignable to type 'import("/Users/clay/Development/SCF-Scaffald/node_modules/zod/lib/ZodError").ZodIssue'.
                                  Type 'ZodInvalidUnionIssue & { fatal?: boolean | undefined; message: string; }' is not assignable to type 'ZodIssue'.
../../packages/supabase/functions/trpc/routers/teams.router.ts(1471,11): error TS2322: Type 'string' is not assignable to type '"admin" | "team_admin" | "lead" | "team_lead" | "recruiter" | "reviewer" | "member" | null | undefined'.
../../packages/supabase/functions/trpc/routers/teams.router.ts(1685,11): error TS2322: Type 'ZodString' is not assignable to type 'ZodTypeAny'.
  Types of property '_parse' are incompatible.
    Type '(input: ParseInput) => ParseReturnType<string>' is not assignable to type '(input: ParseInput) => ParseReturnType<any>'.
      Types of parameters 'input' and 'input' are incompatible.
        Type 'Zod.ParseInput' is not assignable to type 'import("/Users/clay/Development/SCF-Scaffald/node_modules/zod/lib/helpers/parseUtil").ParseInput'.
          The types of 'parent.common.issues' are incompatible between these types.
            Type 'Zod.ZodIssue[]' is not assignable to type 'import("/Users/clay/Development/SCF-Scaffald/node_modules/zod/lib/ZodError").ZodIssue[]'.
              Type 'Zod.ZodIssue' is not assignable to type 'import("/Users/clay/Development/SCF-Scaffald/node_modules/zod/lib/ZodError").ZodIssue'.
                Type 'ZodInvalidUnionIssue & { fatal?: boolean | undefined; message: string; }' is not assignable to type 'ZodIssue'.
                  Type 'Zod.ZodInvalidUnionIssue & { fatal?: boolean | undefined; message: string; }' is not assignable to type 'import("/Users/clay/Development/SCF-Scaffald/node_modules/zod/lib/ZodError").ZodInvalidUnionIssue & { fatal?: boolean | undefined; message: string; }'.
                    Type 'ZodInvalidUnionIssue & { fatal?: boolean | undefined; message: string; }' is not assignable to type 'ZodInvalidUnionIssue'.
                      Types of property 'unionErrors' are incompatible.
                        Type 'Zod.ZodError<any>[]' is not assignable to type 'import("/Users/clay/Development/SCF-Scaffald/node_modules/zod/lib/ZodError").ZodError<any>[]'.
                          Type 'Zod.ZodError<any>' is not assignable to type 'import("/Users/clay/Development/SCF-Scaffald/node_modules/zod/lib/ZodError").ZodError<any>'.
                            Types of property 'issues' are incompatible.
                              Type 'Zod.ZodIssue[]' is not assignable to type 'import("/Users/clay/Development/SCF-Scaffald/node_modules/zod/lib/ZodError").ZodIssue[]'.
                                Type 'Zod.ZodIssue' is not assignable to type 'import("/Users/clay/Development/SCF-Scaffald/node_modules/zod/lib/ZodError").ZodIssue'.
                                  Type 'ZodInvalidUnionIssue & { fatal?: boolean | undefined; message: string; }' is not assignable to type 'ZodIssue'.
../../packages/supabase/functions/trpc/routers/teams.router.ts(1686,11): error TS2322: Type 'ZodOptional<ZodEnum<["pending", "accepted", "declined", "expired", "revoked"]>>' is not assignable to type 'ZodTypeAny'.
  Types of property '_parse' are incompatible.
    Type '(input: ParseInput) => ParseReturnType<"expired" | "pending" | "accepted" | "declined" | "revoked" | undefined>' is not assignable to type '(input: ParseInput) => ParseReturnType<any>'.
      Types of parameters 'input' and 'input' are incompatible.
        Type 'Zod.ParseInput' is not assignable to type 'import("/Users/clay/Development/SCF-Scaffald/node_modules/zod/lib/helpers/parseUtil").ParseInput'.
          The types of 'parent.common.issues' are incompatible between these types.
            Type 'Zod.ZodIssue[]' is not assignable to type 'import("/Users/clay/Development/SCF-Scaffald/node_modules/zod/lib/ZodError").ZodIssue[]'.
              Type 'Zod.ZodIssue' is not assignable to type 'import("/Users/clay/Development/SCF-Scaffald/node_modules/zod/lib/ZodError").ZodIssue'.
                Type 'ZodInvalidUnionIssue & { fatal?: boolean | undefined; message: string; }' is not assignable to type 'ZodIssue'.
                  Type 'Zod.ZodInvalidUnionIssue & { fatal?: boolean | undefined; message: string; }' is not assignable to type 'import("/Users/clay/Development/SCF-Scaffald/node_modules/zod/lib/ZodError").ZodInvalidUnionIssue & { fatal?: boolean | undefined; message: string; }'.
                    Type 'ZodInvalidUnionIssue & { fatal?: boolean | undefined; message: string; }' is not assignable to type 'ZodInvalidUnionIssue'.
                      Types of property 'unionErrors' are incompatible.
                        Type 'Zod.ZodError<any>[]' is not assignable to type 'import("/Users/clay/Development/SCF-Scaffald/node_modules/zod/lib/ZodError").ZodError<any>[]'.
                          Type 'Zod.ZodError<any>' is not assignable to type 'import("/Users/clay/Development/SCF-Scaffald/node_modules/zod/lib/ZodError").ZodError<any>'.
                            Types of property 'issues' are incompatible.
                              Type 'Zod.ZodIssue[]' is not assignable to type 'import("/Users/clay/Development/SCF-Scaffald/node_modules/zod/lib/ZodError").ZodIssue[]'.
                                Type 'Zod.ZodIssue' is not assignable to type 'import("/Users/clay/Development/SCF-Scaffald/node_modules/zod/lib/ZodError").ZodIssue'.
                                  Type 'ZodInvalidUnionIssue & { fatal?: boolean | undefined; message: string; }' is not assignable to type 'ZodIssue'.
../../packages/supabase/functions/trpc/routers/teams.router.ts(1752,13): error TS2322: Type 'ZodOptional<ZodEnum<["pending", "accepted", "declined", "expired", "revoked"]>>' is not assignable to type 'ZodTypeAny'.
  Types of property '_parse' are incompatible.
    Type '(input: ParseInput) => ParseReturnType<"expired" | "pending" | "accepted" | "declined" | "revoked" | undefined>' is not assignable to type '(input: ParseInput) => ParseReturnType<any>'.
      Types of parameters 'input' and 'input' are incompatible.
        Type 'Zod.ParseInput' is not assignable to type 'import("/Users/clay/Development/SCF-Scaffald/node_modules/zod/lib/helpers/parseUtil").ParseInput'.
          The types of 'parent.common.issues' are incompatible between these types.
            Type 'Zod.ZodIssue[]' is not assignable to type 'import("/Users/clay/Development/SCF-Scaffald/node_modules/zod/lib/ZodError").ZodIssue[]'.
              Type 'Zod.ZodIssue' is not assignable to type 'import("/Users/clay/Development/SCF-Scaffald/node_modules/zod/lib/ZodError").ZodIssue'.
                Type 'ZodInvalidUnionIssue & { fatal?: boolean | undefined; message: string; }' is not assignable to type 'ZodIssue'.
                  Type 'Zod.ZodInvalidUnionIssue & { fatal?: boolean | undefined; message: string; }' is not assignable to type 'import("/Users/clay/Development/SCF-Scaffald/node_modules/zod/lib/ZodError").ZodInvalidUnionIssue & { fatal?: boolean | undefined; message: string; }'.
                    Type 'ZodInvalidUnionIssue & { fatal?: boolean | undefined; message: string; }' is not assignable to type 'ZodInvalidUnionIssue'.
                      Types of property 'unionErrors' are incompatible.
                        Type 'Zod.ZodError<any>[]' is not assignable to type 'import("/Users/clay/Development/SCF-Scaffald/node_modules/zod/lib/ZodError").ZodError<any>[]'.
                          Type 'Zod.ZodError<any>' is not assignable to type 'import("/Users/clay/Development/SCF-Scaffald/node_modules/zod/lib/ZodError").ZodError<any>'.
                            Types of property 'issues' are incompatible.
                              Type 'Zod.ZodIssue[]' is not assignable to type 'import("/Users/clay/Development/SCF-Scaffald/node_modules/zod/lib/ZodError").ZodIssue[]'.
                                Type 'Zod.ZodIssue' is not assignable to type 'import("/Users/clay/Development/SCF-Scaffald/node_modules/zod/lib/ZodError").ZodIssue'.
                                  Type 'ZodInvalidUnionIssue & { fatal?: boolean | undefined; message: string; }' is not assignable to type 'ZodIssue'.
../../packages/supabase/functions/trpc/routers/teams.router.ts(1885,11): error TS2698: Spread types may only be created from object types.
../../packages/supabase/functions/trpc/routers/teams.router.ts(2469,11): error TS2322: Type 'ZodString' is not assignable to type 'ZodTypeAny'.
  Types of property '_parse' are incompatible.
    Type '(input: ParseInput) => ParseReturnType<string>' is not assignable to type '(input: ParseInput) => ParseReturnType<any>'.
      Types of parameters 'input' and 'input' are incompatible.
        Type 'Zod.ParseInput' is not assignable to type 'import("/Users/clay/Development/SCF-Scaffald/node_modules/zod/lib/helpers/parseUtil").ParseInput'.
          The types of 'parent.common.issues' are incompatible between these types.
            Type 'Zod.ZodIssue[]' is not assignable to type 'import("/Users/clay/Development/SCF-Scaffald/node_modules/zod/lib/ZodError").ZodIssue[]'.
              Type 'Zod.ZodIssue' is not assignable to type 'import("/Users/clay/Development/SCF-Scaffald/node_modules/zod/lib/ZodError").ZodIssue'.
                Type 'ZodInvalidUnionIssue & { fatal?: boolean | undefined; message: string; }' is not assignable to type 'ZodIssue'.
                  Type 'Zod.ZodInvalidUnionIssue & { fatal?: boolean | undefined; message: string; }' is not assignable to type 'import("/Users/clay/Development/SCF-Scaffald/node_modules/zod/lib/ZodError").ZodInvalidUnionIssue & { fatal?: boolean | undefined; message: string; }'.
                    Type 'ZodInvalidUnionIssue & { fatal?: boolean | undefined; message: string; }' is not assignable to type 'ZodInvalidUnionIssue'.
                      Types of property 'unionErrors' are incompatible.
                        Type 'Zod.ZodError<any>[]' is not assignable to type 'import("/Users/clay/Development/SCF-Scaffald/node_modules/zod/lib/ZodError").ZodError<any>[]'.
                          Type 'Zod.ZodError<any>' is not assignable to type 'import("/Users/clay/Development/SCF-Scaffald/node_modules/zod/lib/ZodError").ZodError<any>'.
                            Types of property 'issues' are incompatible.
                              Type 'Zod.ZodIssue[]' is not assignable to type 'import("/Users/clay/Development/SCF-Scaffald/node_modules/zod/lib/ZodError").ZodIssue[]'.
                                Type 'Zod.ZodIssue' is not assignable to type 'import("/Users/clay/Development/SCF-Scaffald/node_modules/zod/lib/ZodError").ZodIssue'.
                                  Type 'ZodInvalidUnionIssue & { fatal?: boolean | undefined; message: string; }' is not assignable to type 'ZodIssue'.
../../packages/supabase/functions/trpc/routers/teams.router.ts(2590,11): error TS2322: Type 'ZodString' is not assignable to type 'ZodTypeAny'.
  Types of property '_parse' are incompatible.
    Type '(input: ParseInput) => ParseReturnType<string>' is not assignable to type '(input: ParseInput) => ParseReturnType<any>'.
      Types of parameters 'input' and 'input' are incompatible.
        Type 'Zod.ParseInput' is not assignable to type 'import("/Users/clay/Development/SCF-Scaffald/node_modules/zod/lib/helpers/parseUtil").ParseInput'.
          The types of 'parent.common.issues' are incompatible between these types.
            Type 'Zod.ZodIssue[]' is not assignable to type 'import("/Users/clay/Development/SCF-Scaffald/node_modules/zod/lib/ZodError").ZodIssue[]'.
              Type 'Zod.ZodIssue' is not assignable to type 'import("/Users/clay/Development/SCF-Scaffald/node_modules/zod/lib/ZodError").ZodIssue'.
                Type 'ZodInvalidUnionIssue & { fatal?: boolean | undefined; message: string; }' is not assignable to type 'ZodIssue'.
                  Type 'Zod.ZodInvalidUnionIssue & { fatal?: boolean | undefined; message: string; }' is not assignable to type 'import("/Users/clay/Development/SCF-Scaffald/node_modules/zod/lib/ZodError").ZodInvalidUnionIssue & { fatal?: boolean | undefined; message: string; }'.
                    Type 'ZodInvalidUnionIssue & { fatal?: boolean | undefined; message: string; }' is not assignable to type 'ZodInvalidUnionIssue'.
                      Types of property 'unionErrors' are incompatible.
                        Type 'Zod.ZodError<any>[]' is not assignable to type 'import("/Users/clay/Development/SCF-Scaffald/node_modules/zod/lib/ZodError").ZodError<any>[]'.
                          Type 'Zod.ZodError<any>' is not assignable to type 'import("/Users/clay/Development/SCF-Scaffald/node_modules/zod/lib/ZodError").ZodError<any>'.
                            Types of property 'issues' are incompatible.
                              Type 'Zod.ZodIssue[]' is not assignable to type 'import("/Users/clay/Development/SCF-Scaffald/node_modules/zod/lib/ZodError").ZodIssue[]'.
                                Type 'Zod.ZodIssue' is not assignable to type 'import("/Users/clay/Development/SCF-Scaffald/node_modules/zod/lib/ZodError").ZodIssue'.
                                  Type 'ZodInvalidUnionIssue & { fatal?: boolean | undefined; message: string; }' is not assignable to type 'ZodIssue'.
../../packages/supabase/functions/trpc/routers/teams.router.ts(2664,34): error TS2339: Property 'display_name' does not exist on type '{}'.
../../packages/supabase/functions/trpc/routers/teams.router.ts(2665,33): error TS2339: Property 'username' does not exist on type '{}'.
../../packages/supabase/functions/trpc/routers/teams.router.ts(2943,31): error TS2339: Property 'id' does not exist on type '{}'.
../../packages/supabase/functions/trpc/routers/teams.router.ts(2944,34): error TS2339: Property 'name' does not exist on type '{}'.
../../packages/supabase/functions/trpc/routers/teams.router.ts(2945,34): error TS2339: Property 'slug' does not exist on type '{}'.
../../packages/supabase/functions/trpc/routers/teams.router.ts(3241,17): error TS2339: Property 'createClient' does not exist on type '{ default: typeof import("@supabase/supabase-js"); }'.
../../packages/supabase/functions/trpc/routers/teams.router.ts(3480,38): error TS2322: Type 'ZodString' is not assignable to type 'ZodTypeAny'.
  Types of property '_parse' are incompatible.
    Type '(input: ParseInput) => ParseReturnType<string>' is not assignable to type '(input: ParseInput) => ParseReturnType<any>'.
      Types of parameters 'input' and 'input' are incompatible.
        Type 'Zod.ParseInput' is not assignable to type 'import("/Users/clay/Development/SCF-Scaffald/node_modules/zod/lib/helpers/parseUtil").ParseInput'.
          The types of 'parent.common.issues' are incompatible between these types.
            Type 'Zod.ZodIssue[]' is not assignable to type 'import("/Users/clay/Development/SCF-Scaffald/node_modules/zod/lib/ZodError").ZodIssue[]'.
              Type 'Zod.ZodIssue' is not assignable to type 'import("/Users/clay/Development/SCF-Scaffald/node_modules/zod/lib/ZodError").ZodIssue'.
                Type 'ZodInvalidUnionIssue & { fatal?: boolean | undefined; message: string; }' is not assignable to type 'ZodIssue'.
                  Type 'Zod.ZodInvalidUnionIssue & { fatal?: boolean | undefined; message: string; }' is not assignable to type 'import("/Users/clay/Development/SCF-Scaffald/node_modules/zod/lib/ZodError").ZodInvalidUnionIssue & { fatal?: boolean | undefined; message: string; }'.
                    Type 'ZodInvalidUnionIssue & { fatal?: boolean | undefined; message: string; }' is not assignable to type 'ZodInvalidUnionIssue'.
                      Types of property 'unionErrors' are incompatible.
                        Type 'Zod.ZodError<any>[]' is not assignable to type 'import("/Users/clay/Development/SCF-Scaffald/node_modules/zod/lib/ZodError").ZodError<any>[]'.
                          Type 'Zod.ZodError<any>' is not assignable to type 'import("/Users/clay/Development/SCF-Scaffald/node_modules/zod/lib/ZodError").ZodError<any>'.
                            Types of property 'issues' are incompatible.
                              Type 'Zod.ZodIssue[]' is not assignable to type 'import("/Users/clay/Development/SCF-Scaffald/node_modules/zod/lib/ZodError").ZodIssue[]'.
                                Type 'Zod.ZodIssue' is not assignable to type 'import("/Users/clay/Development/SCF-Scaffald/node_modules/zod/lib/ZodError").ZodIssue'.
                                  Type 'ZodInvalidUnionIssue & { fatal?: boolean | undefined; message: string; }' is not assignable to type 'ZodIssue'.
../../packages/supabase/functions/trpc/routers/teams.router.ts(4074,51): error TS2345: Argument of type 'CreateProcedureReturnInput<{ _config: import("/Users/clay/Development/SCF-Scaffald/packages/supabase/functions/node_modules/.deno/@trpc+server@10.45.0/node_modules/@trpc/server/dist/core/internals/config").RootConfig<{ ctx: import("/Users/clay/Development/SCF-Scaffald/packages/supabase/functions/trpc/context").Conte...' is not assignable to parameter of type 'CreateProcedureReturnInput<{ _config: import("/Users/clay/Development/SCF-Scaffald/packages/supabase/functions/node_modules/.deno/@trpc+server@10.45.0/node_modules/@trpc/server/dist/core/internals/config").RootConfig<{ ctx: import("/Users/clay/Development/SCF-Scaffald/packages/supabase/functions/trpc/context").Conte...'.
  The types of 'input(...).query' are incompatible between these types.
    Type '<$Output>(resolver: (opts: import("/Users/clay/Development/SCF-Scaffald/packages/supabase/functions/node_modules/.deno/@trpc+server@10.45.0/node_modules/@trpc/server/dist/core/internals/utils").ResolveOptions<{ _config: import("/Users/clay/Development/SCF-Scaffald/packages/supabase/functions/node_modules/.deno/@trpc...' is not assignable to type '<$Output>(resolver: (opts: import("/Users/clay/Development/SCF-Scaffald/packages/supabase/functions/node_modules/.deno/@trpc+server@10.45.0/node_modules/@trpc/server/dist/core/internals/utils").ResolveOptions<{ _config: import("/Users/clay/Development/SCF-Scaffald/packages/supabase/functions/node_modules/.deno/@trpc...'. Two different types with this name exist, but they are unrelated.
      Types of parameters 'resolver' and 'resolver' are incompatible.
        Types of parameters 'opts' and 'opts' are incompatible.
          Type 'import("/Users/clay/Development/SCF-Scaffald/packages/supabase/functions/node_modules/.deno/@trpc+server@10.45.0/node_modules/@trpc/server/dist/core/internals/utils").ResolveOptions<{ _config: import("/Users/clay/Development/SCF-Scaffald/packages/supabase/functions/node_modules/.deno/@trpc+server@10.45.0/node_module...' is not assignable to type 'import("/Users/clay/Development/SCF-Scaffald/packages/supabase/functions/node_modules/.deno/@trpc+server@10.45.0/node_modules/@trpc/server/dist/core/internals/utils").ResolveOptions<{ _config: import("/Users/clay/Development/SCF-Scaffald/packages/supabase/functions/node_modules/.deno/@trpc+server@10.45.0/node_module...'. Two different types with this name exist, but they are unrelated.
            The types of 'ctx.user' are incompatible between these types.
              Type '{ id: string; email: string | undefined; } | undefined' is not assignable to type '{ id: string; email: string | undefined; }'.
                Type 'undefined' is not assignable to type '{ id: string; email: string | undefined; }'.
../../packages/supabase/functions/trpc/routers/utils/skill-enrichment.ts(1,15): error TS2305: Module '"@supabase/supabase-js"' has no exported member 'SupabaseClient'.
../../packages/supabase/functions/trpc/routers/utils/skill-enrichment.ts(115,3): error TS2322: Type '({ id: string; taxonomy: "csi"; csiSkillId: string | null; onetOccupationId: null; tradeId: string | null; tradeSlug: string | null; tradeName: string | null; name: string; code: string | null; ... 9 more ...; metadata: Record<...>; } | { ...; })[]' is not assignable to type 'EnrichedUserSkill[]'.
  Type '{ id: string; taxonomy: "csi"; csiSkillId: string | null; onetOccupationId: null; tradeId: string | null; tradeSlug: string | null; tradeName: string | null; name: string; code: string | null; ... 9 more ...; metadata: Record<...>; } | { ...; }' is not assignable to type 'EnrichedUserSkill'.
    Type '{ id: string; taxonomy: "csi"; csiSkillId: string | null; onetOccupationId: null; tradeId: string | null; tradeSlug: string | null; tradeName: string | null; name: string; code: string | null; ... 9 more ...; metadata: Record<string, unknown>; }' is not assignable to type 'EnrichedUserSkill'.
      Types of property 'createdAt' are incompatible.
        Type 'string | null' is not assignable to type 'string'.
          Type 'null' is not assignable to type 'string'.
../../packages/supabase/functions/trpc/routers/work-logs.router.ts(1,15): error TS2305: Module '"@supabase/supabase-js"' has no exported member 'SupabaseClient'.
../../packages/supabase/functions/trpc/routers/work-logs.router.ts(12,8): error TS6307: File '/Users/clay/Development/SCF-Scaffald/packages/supabase/functions/_shared/work-log-export.ts' is not listed within the file list of project '/Users/clay/Development/SCF-Scaffald/apps/expo/tsconfig.json'. Projects must list all files or use an 'include' pattern.
  The file is in the program because:
    Imported via "../../_shared/work-log-export.ts" from file '/Users/clay/Development/SCF-Scaffald/packages/supabase/functions/trpc/routers/work-logs.router.ts'
    Imported via "../../_shared/work-log-export.ts" from file '/Users/clay/Development/SCF-Scaffald/packages/supabase/functions/trpc/routers/work-logs.router.ts'
../../packages/supabase/functions/trpc/routers/work-logs.router.ts(19,43): error TS6307: File '/Users/clay/Development/SCF-Scaffald/packages/supabase/functions/_shared/work-log-notifications.ts' is not listed within the file list of project '/Users/clay/Development/SCF-Scaffald/apps/expo/tsconfig.json'. Projects must list all files or use an 'include' pattern.
../../packages/supabase/functions/trpc/routers/work-logs.router.ts(44,8): error TS6307: File '/Users/clay/Development/SCF-Scaffald/packages/supabase/functions/_shared/work-log-schemas.ts' is not listed within the file list of project '/Users/clay/Development/SCF-Scaffald/apps/expo/tsconfig.json'. Projects must list all files or use an 'include' pattern.
../../packages/supabase/functions/trpc/routers/work-logs.router.ts(118,21): error TS2345: Argument of type 'ZodEnum<["draft", "pending_verification", "verified", "disputed"]>' is not assignable to parameter of type 'ZodTypeAny'.
  Types of property '_parse' are incompatible.
    Type '(input: ParseInput) => ParseReturnType<"verified" | "draft" | "disputed" | "pending_verification">' is not assignable to type '(input: ParseInput) => ParseReturnType<any>'.
      Types of parameters 'input' and 'input' are incompatible.
        Type 'Zod.ParseInput' is not assignable to type 'import("/Users/clay/Development/SCF-Scaffald/node_modules/zod/lib/helpers/parseUtil").ParseInput'.
          The types of 'parent.common.issues' are incompatible between these types.
            Type 'Zod.ZodIssue[]' is not assignable to type 'import("/Users/clay/Development/SCF-Scaffald/node_modules/zod/lib/ZodError").ZodIssue[]'.
              Type 'Zod.ZodIssue' is not assignable to type 'import("/Users/clay/Development/SCF-Scaffald/node_modules/zod/lib/ZodError").ZodIssue'.
                Type 'ZodInvalidUnionIssue & { fatal?: boolean | undefined; message: string; }' is not assignable to type 'ZodIssue'.
                  Type 'Zod.ZodInvalidUnionIssue & { fatal?: boolean | undefined; message: string; }' is not assignable to type 'import("/Users/clay/Development/SCF-Scaffald/node_modules/zod/lib/ZodError").ZodInvalidUnionIssue & { fatal?: boolean | undefined; message: string; }'.
                    Type 'ZodInvalidUnionIssue & { fatal?: boolean | undefined; message: string; }' is not assignable to type 'ZodInvalidUnionIssue'.
                      Types of property 'unionErrors' are incompatible.
                        Type 'Zod.ZodError<any>[]' is not assignable to type 'import("/Users/clay/Development/SCF-Scaffald/node_modules/zod/lib/ZodError").ZodError<any>[]'.
                          Type 'Zod.ZodError<any>' is not assignable to type 'import("/Users/clay/Development/SCF-Scaffald/node_modules/zod/lib/ZodError").ZodError<any>'.
                            Types of property 'issues' are incompatible.
                              Type 'Zod.ZodIssue[]' is not assignable to type 'import("/Users/clay/Development/SCF-Scaffald/node_modules/zod/lib/ZodError").ZodIssue[]'.
                                Type 'Zod.ZodIssue' is not assignable to type 'import("/Users/clay/Development/SCF-Scaffald/node_modules/zod/lib/ZodError").ZodIssue'.
                                  Type 'ZodInvalidUnionIssue & { fatal?: boolean | undefined; message: string; }' is not assignable to type 'ZodIssue'.
../../packages/supabase/functions/trpc/routers/work-logs.router.ts(1847,64): error TS2345: Argument of type '{ [key: string]: unknown; id: string | number; status?: string | undefined; log_date?: string | null | undefined; total_hours?: number | null | undefined; }' is not assignable to parameter of type 'Pick<{ created_at: string | null; device_type: string | null; dispute_reason: string | null; disputed_at: string | null; entry_type: string; gps_accuracy_meters: number | null; gps_captured_at: string | null; ... 22 more ...; work_description: string; }, "created_at" | ... 1 more ... | "log_date">'.
  Type '{ [key: string]: unknown; id: string | number; status?: string | undefined; log_date?: string | null | undefined; total_hours?: number | null | undefined; }' is missing the following properties from type 'Pick<{ created_at: string | null; device_type: string | null; dispute_reason: string | null; disputed_at: string | null; entry_type: string; gps_accuracy_meters: number | null; gps_captured_at: string | null; ... 22 more ...; work_description: string; }, "created_at" | ... 1 more ... | "log_date">': created_at, updated_at
../../packages/supabase/functions/trpc/routers/work-logs.router.ts(2426,64): error TS2345: Argument of type '{ [key: string]: unknown; id: string | number; user_id?: string | null | undefined; status?: string | undefined; log_date?: string | null | undefined; total_hours?: number | null | undefined; }' is not assignable to parameter of type 'Pick<{ created_at: string | null; device_type: string | null; dispute_reason: string | null; disputed_at: string | null; entry_type: string; gps_accuracy_meters: number | null; gps_captured_at: string | null; ... 22 more ...; work_description: string; }, "created_at" | ... 1 more ... | "log_date">'.
  Type '{ [key: string]: unknown; id: string | number; user_id?: string | null | undefined; status?: string | undefined; log_date?: string | null | undefined; total_hours?: number | null | undefined; }' is missing the following properties from type 'Pick<{ created_at: string | null; device_type: string | null; dispute_reason: string | null; disputed_at: string | null; entry_type: string; gps_accuracy_meters: number | null; gps_captured_at: string | null; ... 22 more ...; work_description: string; }, "created_at" | ... 1 more ... | "log_date">': created_at, updated_at
../../packages/supabase/functions/trpc/routers/work-logs.router.ts(2840,64): error TS2345: Argument of type '{ [key: string]: unknown; id: string | number; project_id?: string | null | undefined; status?: string | undefined; log_date?: string | null | undefined; total_hours?: number | null | undefined; }' is not assignable to parameter of type 'Pick<{ created_at: string | null; device_type: string | null; dispute_reason: string | null; disputed_at: string | null; entry_type: string; gps_accuracy_meters: number | null; gps_captured_at: string | null; ... 22 more ...; work_description: string; }, "created_at" | ... 1 more ... | "log_date">'.
  Type '{ [key: string]: unknown; id: string | number; project_id?: string | null | undefined; status?: string | undefined; log_date?: string | null | undefined; total_hours?: number | null | undefined; }' is missing the following properties from type 'Pick<{ created_at: string | null; device_type: string | null; dispute_reason: string | null; disputed_at: string | null; entry_type: string; gps_accuracy_meters: number | null; gps_captured_at: string | null; ... 22 more ...; work_description: string; }, "created_at" | ... 1 more ... | "log_date">': created_at, updated_at
../../packages/supabase/functions/trpc/routers/work-logs.router.ts(4112,15): error TS2339: Property 'workLogId' does not exist on type '{ showOnProfile: boolean; photoId: string; }'.
../../tests/infrastructure/vitest/helpers/database.ts(2,15): error TS2305: Module '"@supabase/supabase-js"' has no exported member 'SupabaseClient'.
../../tests/infrastructure/vitest/helpers/database.ts(2,31): error TS2305: Module '"@supabase/supabase-js"' has no exported member 'SupabaseClientOptions'.
../../tests/infrastructure/vitest/helpers/database.ts(88,11): error TS2339: Property 'createClient' does not exist on type '{ default: typeof import("@supabase/supabase-js"); }'.
 ELIFECYCLE  Command failed with exit code 2.
